DATAFLOW,REF_AREA,MEASURE,SECTOR,STANDARD_REVENUE,CTRY_SPECIFIC_REVENUE,UNIT_MEASURE,FREQ,TIME_PERIOD,OBS_VALUE,OBS_STATUS,UNIT_MULT,REVENUE_CODE,DECIMALS,CURRENCY
OECD.CTP.TPS:DSD_REV_COMP_GLOBAL@DF_RSGLOBAL(2.1),AUT,TAX_REV,S13,_T,_T,PT_B1GQ,A,2024,43.374411,A,0,TOTALTAX,1,_Z
OECD.CTP.TPS:DSD_REV_COMP_GLOBAL@DF_RSGLOBAL(2.1),BEL,TAX_REV,S13,_T,_T,PT_B1GQ,A,2024,42.571263,A,0,TOTALTAX,1,_Z
OECD.CTP.TPS:DSD_REV_COMP_GLOBAL@DF_RSGLOBAL(2.1),CAN,TAX_REV,S13,_T,_T,PT_B1GQ,A,2024,34.90457,A,0,TOTALTAX,1,_Z
OECD.CTP.TPS:DSD_REV_COMP_GLOBAL@DF_RSGLOBAL(2.1),CHL,TAX_REV,S13,_T,_T,PT_B1GQ,A,2024,20.479447,A,0,TOTALTAX,1,_Z
OECD.CTP.TPS:DSD_REV_COMP_GLOBAL@DF_RSGLOBAL(2.1),COL,TAX_REV,S13,_T,_T,PT_B1GQ,A,2024,19.865884,A,0,TOTALTAX,1,_Z
OECD.CTP.TPS:DSD_REV_COMP_GLOBAL@DF_RSGLOBAL(2.1),CRI,TAX_REV,S13,_T,_T,PT_B1GQ,A,2024,24.840079,A,0,TOTALTAX,1,_Z
OECD.CTP.TPS:DSD_REV_COMP_GLOBAL@DF_RSGLOBAL(2.1),CZE,TAX_REV,S13,_T,_T,PT_B1GQ,A,2024,33.975018,A,0,TOTALTAX,1,_Z
OECD.CTP.TPS:DSD_REV_COMP_GLOBAL@DF_RSGLOBAL(2.1),DNK,TAX_REV,S13,_T,_T,PT_B1GQ,A,2024,45.177061,A,0,TOTALTAX,1,_Z
OECD.CTP.TPS:DSD_REV_COMP_GLOBAL@DF_RSGLOBAL(2.1),EST,TAX_REV,S13,_T,_T,PT_B1GQ,A,2024,35.231248,A,0,TOTALTAX,1,_Z
OECD.CTP.TPS:DSD_REV_COMP_GLOBAL@DF_RSGLOBAL(2.1),FIN,TAX_REV,S13,_T,_T,PT_B1GQ,A,2024,42.217254,A,0,TOTALTAX,1,_Z
OECD.CTP.TPS:DSD_REV_COMP_GLOBAL@DF_RSGLOBAL(2.1),FRA,TAX_REV,S13,_T,_T,PT_B1GQ,A,2024,43.462209,A,0,TOTALTAX,1,_Z
OECD.CTP.TPS:DSD_REV_COMP_GLOBAL@DF_RSGLOBAL(2.1),DEU,TAX_REV,S13,_T,_T,PT_B1GQ,A,2024,38.021492,A,0,TOTALTAX,1,_Z
OECD.CTP.TPS:DSD_REV_COMP_GLOBAL@DF_RSGLOBAL(2.1),GRC,TAX_REV,S13,_T,_T,PT_B1GQ,A,2024,39.826849,A,0,TOTALTAX,1,_Z
OECD.CTP.TPS:DSD_REV_COMP_GLOBAL@DF_RSGLOBAL(2.1),HUN,TAX_REV,S13,_T,_T,PT_B1GQ,A,2024,34.353895,A,0,TOTALTAX,1,_Z
OECD.CTP.TPS:DSD_REV_COMP_GLOBAL@DF_RSGLOBAL(2.1),ISL,TAX_REV,S13,_T,_T,PT_B1GQ,A,2024,36.948753,A,0,TOTALTAX,1,_Z
OECD.CTP.TPS:DSD_REV_COMP_GLOBAL@DF_RSGLOBAL(2.1),IRL,TAX_REV,S13,_T,_T,PT_B1GQ,A,2024,21.694294,A,0,TOTALTAX,1,_Z
OECD.CTP.TPS:DSD_REV_COMP_GLOBAL@DF_RSGLOBAL(2.1),ISR,TAX_REV,S13,_T,_T,PT_B1GQ,A,2024,30.877349,A,0,TOTALTAX,1,_Z
OECD.CTP.TPS:DSD_REV_COMP_GLOBAL@DF_RSGLOBAL(2.1),ITA,TAX_REV,S13,_T,_T,PT_B1GQ,A,2024,42.752192,A,0,TOTALTAX,1,_Z
OECD.CTP.TPS:DSD_REV_COMP_GLOBAL@DF_RSGLOBAL(2.1),JPN,TAX_REV,S13,_T,_T,PT_B1GQ,A,2024,,A,0,TOTALTAX,1,_Z
OECD.CTP.TPS:DSD_REV_COMP_GLOBAL@DF_RSGLOBAL(2.1),KOR,TAX_REV,S13,_T,_T,PT_B1GQ,A,2024,25.333638,A,0,TOTALTAX,1,_Z
OECD.CTP.TPS:DSD_REV_COMP_GLOBAL@DF_RSGLOBAL(2.1),LVA,TAX_REV,S13,_T,_T,PT_B1GQ,A,2024,34.90567,A,0,TOTALTAX,1,_Z
OECD.CTP.TPS:DSD_REV_COMP_GLOBAL@DF_RSGLOBAL(2.1),LTU,TAX_REV,S13,_T,_T,PT_B1GQ,A,2024,33.129851,A,0,TOTALTAX,1,_Z
OECD.CTP.TPS:DSD_REV_COMP_GLOBAL@DF_RSGLOBAL(2.1),LUX,TAX_REV,S13,_T,_T,PT_B1GQ,A,2024,41.458699,A,0,TOTALTAX,1,_Z
OECD.CTP.TPS:DSD_REV_COMP_GLOBAL@DF_RSGLOBAL(2.1),MEX,TAX_REV,S13,_T,_T,PT_B1GQ,A,2024,18.280109,A,0,TOTALTAX,1,_Z
OECD.CTP.TPS:DSD_REV_COMP_GLOBAL@DF_RSGLOBAL(2.1),NLD,TAX_REV,S13,_T,_T,PT_B1GQ,A,2024,38.541274,A,0,TOTALTAX,1,_Z
OECD.CTP.TPS:DSD_REV_COMP_GLOBAL@DF_RSGLOBAL(2.1),NZL,TAX_REV,S13,_T,_T,PT_B1GQ,A,2024,32.891771,A,0,TOTALTAX,1,_Z
OECD.CTP.TPS:DSD_REV_COMP_GLOBAL@DF_RSGLOBAL(2.1),NOR,TAX_REV,S13,_T,_T,PT_B1GQ,A,2024,40.190578,A,0,TOTALTAX,1,_Z
OECD.CTP.TPS:DSD_REV_COMP_GLOBAL@DF_RSGLOBAL(2.1),POL,TAX_REV,S13,_T,_T,PT_B1GQ,A,2024,36.64229,A,0,TOTALTAX,1,_Z
OECD.CTP.TPS:DSD_REV_COMP_GLOBAL@DF_RSGLOBAL(2.1),PRT,TAX_REV,S13,_T,_T,PT_B1GQ,A,2024,35.134621,A,0,TOTALTAX,1,_Z
OECD.CTP.TPS:DSD_REV_COMP_GLOBAL@DF_RSGLOBAL(2.1),SVK,TAX_REV,S13,_T,_T,PT_B1GQ,A,2024,35.551369,A,0,TOTALTAX,1,_Z
OECD.CTP.TPS:DSD_REV_COMP_GLOBAL@DF_RSGLOBAL(2.1),SVN,TAX_REV,S13,_T,_T,PT_B1GQ,A,2024,38.296929,A,0,TOTALTAX,1,_Z
OECD.CTP.TPS:DSD_REV_COMP_GLOBAL@DF_RSGLOBAL(2.1),ESP,TAX_REV,S13,_T,_T,PT_B1GQ,A,2024,36.682055,A,0,TOTALTAX,1,_Z
OECD.CTP.TPS:DSD_REV_COMP_GLOBAL@DF_RSGLOBAL(2.1),SWE,TAX_REV,S13,_T,_T,PT_B1GQ,A,2024,41.437904,A,0,TOTALTAX,1,_Z
OECD.CTP.TPS:DSD_REV_COMP_GLOBAL@DF_RSGLOBAL(2.1),CHE,TAX_REV,S13,_T,_T,PT_B1GQ,A,2024,27.169048,A,0,TOTALTAX,1,_Z
OECD.CTP.TPS:DSD_REV_COMP_GLOBAL@DF_RSGLOBAL(2.1),TUR,TAX_REV,S13,_T,_T,PT_B1GQ,A,2024,23.954049,A,0,TOTALTAX,1,_Z
OECD.CTP.TPS:DSD_REV_COMP_GLOBAL@DF_RSGLOBAL(2.1),GBR,TAX_REV,S13,_T,_T,PT_B1GQ,A,2024,34.366806,A,0,TOTALTAX,1,_Z
OECD.CTP.TPS:DSD_REV_COMP_GLOBAL@DF_RSGLOBAL(2.1),USA,TAX_REV,S13,_T,_T,PT_B1GQ,A,2024,25.618333,A,0,TOTALTAX,1,_Z
OECD.CTP.TPS:DSD_REV_COMP_GLOBAL@DF_RSGLOBAL(2.1),OECD_REP,TAX_REV,S13,_T,_T,PT_B1GQ,A,2024,34.062721,A,0,TOTALTAX,1,_Z
OECD.CTP.TPS:DSD_REV_COMP_GLOBAL@DF_RSGLOBAL(2.1),ATG,TAX_REV,S13,_T,_T,PT_B1GQ,A,2024,19.79412518,A,0,TOTALTAX,1,_Z
OECD.CTP.TPS:DSD_REV_COMP_GLOBAL@DF_RSGLOBAL(2.1),ARG,TAX_REV,S13,_T,_T,PT_B1GQ,A,2024,27.62703567,A,0,TOTALTAX,1,_Z
OECD.CTP.TPS:DSD_REV_COMP_GLOBAL@DF_RSGLOBAL(2.1),BHS,TAX_REV,S13,_T,_T,PT_B1GQ,A,2024,19.34522791,A,0,TOTALTAX,1,_Z
OECD.CTP.TPS:DSD_REV_COMP_GLOBAL@DF_RSGLOBAL(2.1),BRB,TAX_REV,S13,_T,_T,PT_B1GQ,A,2024,30.73916343,A,0,TOTALTAX,1,_Z
OECD.CTP.TPS:DSD_REV_COMP_GLOBAL@DF_RSGLOBAL(2.1),BLZ,TAX_REV,S13,_T,_T,PT_B1GQ,A,2024,24.50710522,A,0,TOTALTAX,1,_Z
OECD.CTP.TPS:DSD_REV_COMP_GLOBAL@DF_RSGLOBAL(2.1),BOL,TAX_REV,S13,_T,_T,PT_B1GQ,A,2024,23.60497369,A,0,TOTALTAX,1,_Z
OECD.CTP.TPS:DSD_REV_COMP_GLOBAL@DF_RSGLOBAL(2.1),BRA,TAX_REV,S13,_T,_T,PT_B1GQ,A,2024,33.67750895,A,0,TOTALTAX,1,_Z
OECD.CTP.TPS:DSD_REV_COMP_GLOBAL@DF_RSGLOBAL(2.1),BGR,TAX_REV,S13,_T,_T,PT_B1GQ,A,2024,30.45549451,A,0,TOTALTAX,1,_Z
OECD.CTP.TPS:DSD_REV_COMP_GLOBAL@DF_RSGLOBAL(2.1),CMR,TAX_REV,S13,_T,_T,PT_B1GQ,A,2024,14.5352375,A,0,TOTALTAX,1,_Z
OECD.CTP.TPS:DSD_REV_COMP_GLOBAL@DF_RSGLOBAL(2.1),TCD,TAX_REV,S13,_T,_T,PT_B1GQ,A,2024,9.229707418,A,0,TOTALTAX,1,_Z
OECD.CTP.TPS:DSD_REV_COMP_GLOBAL@DF_RSGLOBAL(2.1),COG,TAX_REV,S13,_T,_T,PT_B1GQ,A,2024,11.54953875,A,0,TOTALTAX,1,_Z
OECD.CTP.TPS:DSD_REV_COMP_GLOBAL@DF_RSGLOBAL(2.1),CIV,TAX_REV,S13,_T,_T,PT_B1GQ,A,2024,13.8623881,A,0,TOTALTAX,1,_Z
OECD.CTP.TPS:DSD_REV_COMP_GLOBAL@DF_RSGLOBAL(2.1),HRV,TAX_REV,S13,_T,_T,PT_B1GQ,A,2024,38.42602458,A,0,TOTALTAX,1,_Z
OECD.CTP.TPS:DSD_REV_COMP_GLOBAL@DF_RSGLOBAL(2.1),CUB,TAX_REV,S13,_T,_T,PT_B1GQ,A,2024,22.90668346,A,0,TOTALTAX,1,_Z
OECD.CTP.TPS:DSD_REV_COMP_GLOBAL@DF_RSGLOBAL(2.1),DOM,TAX_REV,S13,_T,_T,PT_B1GQ,A,2024,14.68854633,A,0,TOTALTAX,1,_Z
OECD.CTP.TPS:DSD_REV_COMP_GLOBAL@DF_RSGLOBAL(2.1),ECU,TAX_REV,S13,_T,_T,PT_B1GQ,A,2024,21.69419775,A,0,TOTALTAX,1,_Z
OECD.CTP.TPS:DSD_REV_COMP_GLOBAL@DF_RSGLOBAL(2.1),EGY,TAX_REV,S13,_T,_T,PT_B1GQ,A,2024,13.00171477,A,0,TOTALTAX,1,_Z
OECD.CTP.TPS:DSD_REV_COMP_GLOBAL@DF_RSGLOBAL(2.1),SLV,TAX_REV,S13,_T,_T,PT_B1GQ,A,2024,23.59301442,A,0,TOTALTAX,1,_Z
OECD.CTP.TPS:DSD_REV_COMP_GLOBAL@DF_RSGLOBAL(2.1),GNQ,TAX_REV,S13,_T,_T,PT_B1GQ,A,2024,6.910501907,A,0,TOTALTAX,1,_Z
OECD.CTP.TPS:DSD_REV_COMP_GLOBAL@DF_RSGLOBAL(2.1),GAB,TAX_REV,S13,_T,_T,PT_B1GQ,A,2024,15.12230733,A,0,TOTALTAX,1,_Z
OECD.CTP.TPS:DSD_REV_COMP_GLOBAL@DF_RSGLOBAL(2.1),GMB,TAX_REV,S13,_T,_T,PT_B1GQ,A,2024,11.38534893,A,0,TOTALTAX,1,_Z
OECD.CTP.TPS:DSD_REV_COMP_GLOBAL@DF_RSGLOBAL(2.1),GHA,TAX_REV,S13,_T,_T,PT_B1GQ,A,2024,14.57106089,A,0,TOTALTAX,1,_Z
OECD.CTP.TPS:DSD_REV_COMP_GLOBAL@DF_RSGLOBAL(2.1),GRD,TAX_REV,S13,_T,_T,PT_B1GQ,A,2024,23.49678618,A,0,TOTALTAX,1,_Z
OECD.CTP.TPS:DSD_REV_COMP_GLOBAL@DF_RSGLOBAL(2.1),GTM,TAX_REV,S13,_T,_T,PT_B1GQ,A,2024,14.31954624,A,0,TOTALTAX,1,_Z
OECD.CTP.TPS:DSD_REV_COMP_GLOBAL@DF_RSGLOBAL(2.1),GIN,TAX_REV,S13,_T,_T,PT_B1GQ,A,2024,12.79219435,A,0,TOTALTAX,1,_Z
OECD.CTP.TPS:DSD_REV_COMP_GLOBAL@DF_RSGLOBAL(2.1),GUY,TAX_REV,S13,_T,_T,PT_B1GQ,A,2024,9.19298542,A,0,TOTALTAX,1,_Z
OECD.CTP.TPS:DSD_REV_COMP_GLOBAL@DF_RSGLOBAL(2.1),HND,TAX_REV,S13,_T,_T,PT_B1GQ,A,2024,21.07336846,A,0,TOTALTAX,1,_Z
OECD.CTP.TPS:DSD_REV_COMP_GLOBAL@DF_RSGLOBAL(2.1),JAM,TAX_REV,S13,_T,_T,PT_B1GQ,A,2024,30.70062514,A,0,TOTALTAX,1,_Z
OECD.CTP.TPS:DSD_REV_COMP_GLOBAL@DF_RSGLOBAL(2.1),KEN,TAX_REV,S13,_T,_T,PT_B1GQ,A,2024,15.63141895,A,0,TOTALTAX,1,_Z
OECD.CTP.TPS:DSD_REV_COMP_GLOBAL@DF_RSGLOBAL(2.1),LBR,TAX_REV,S13,_T,_T,PT_B1GQ,A,2024,11.75147767,A,0,TOTALTAX,1,_Z
OECD.CTP.TPS:DSD_REV_COMP_GLOBAL@DF_RSGLOBAL(2.1),LIE,TAX_REV,S13,_T,_T,PT_B1GQ,A,2024,21.06934295,A,0,TOTALTAX,1,_Z
OECD.CTP.TPS:DSD_REV_COMP_GLOBAL@DF_RSGLOBAL(2.1),MDG,TAX_REV,S13,_T,_T,PT_B1GQ,A,2024,12.18996505,A,0,TOTALTAX,1,_Z
OECD.CTP.TPS:DSD_REV_COMP_GLOBAL@DF_RSGLOBAL(2.1),MLI,TAX_REV,S13,_T,_T,PT_B1GQ,A,2024,19.54889067,A,0,TOTALTAX,1,_Z
OECD.CTP.TPS:DSD_REV_COMP_GLOBAL@DF_RSGLOBAL(2.1),MLT,TAX_REV,S13,_T,_T,PT_B1GQ,A,2024,28.74159311,A,0,TOTALTAX,1,_Z
OECD.CTP.TPS:DSD_REV_COMP_GLOBAL@DF_RSGLOBAL(2.1),MRT,TAX_REV,S13,_T,_T,PT_B1GQ,A,2024,15.13305564,A,0,TOTALTAX,1,_Z
OECD.CTP.TPS:DSD_REV_COMP_GLOBAL@DF_RSGLOBAL(2.1),MUS,TAX_REV,S13,_T,_T,PT_B1GQ,A,2024,20.36007737,A,0,TOTALTAX,1,_Z
OECD.CTP.TPS:DSD_REV_COMP_GLOBAL@DF_RSGLOBAL(2.1),MDA,TAX_REV,S13,_T,_T,PT_B1GQ,A,2024,31.51332388,A,0,TOTALTAX,1,_Z
OECD.CTP.TPS:DSD_REV_COMP_GLOBAL@DF_RSGLOBAL(2.1),MAR,TAX_REV,S13,_T,_T,PT_B1GQ,A,2024,30.42346355,A,0,TOTALTAX,1,_Z
OECD.CTP.TPS:DSD_REV_COMP_GLOBAL@DF_RSGLOBAL(2.1),MOZ,TAX_REV,S13,_T,_T,PT_B1GQ,A,2024,19.33553086,A,0,TOTALTAX,1,_Z
OECD.CTP.TPS:DSD_REV_COMP_GLOBAL@DF_RSGLOBAL(2.1),NAM,TAX_REV,S13,_T,_T,PT_B1GQ,A,2024,31.10518567,A,0,TOTALTAX,1,_Z
OECD.CTP.TPS:DSD_REV_COMP_GLOBAL@DF_RSGLOBAL(2.1),NIC,TAX_REV,S13,_T,_T,PT_B1GQ,A,2024,27.61129981,A,0,TOTALTAX,1,_Z
OECD.CTP.TPS:DSD_REV_COMP_GLOBAL@DF_RSGLOBAL(2.1),NER,TAX_REV,S13,_T,_T,PT_B1GQ,A,2024,7.164929984,A,0,TOTALTAX,1,_Z
OECD.CTP.TPS:DSD_REV_COMP_GLOBAL@DF_RSGLOBAL(2.1),PAN,TAX_REV,S13,_T,_T,PT_B1GQ,A,2024,11.31368442,A,0,TOTALTAX,1,_Z
OECD.CTP.TPS:DSD_REV_COMP_GLOBAL@DF_RSGLOBAL(2.1),PRY,TAX_REV,S13,_T,_T,PT_B1GQ,A,2024,15.75633268,A,0,TOTALTAX,1,_Z
OECD.CTP.TPS:DSD_REV_COMP_GLOBAL@DF_RSGLOBAL(2.1),PER,TAX_REV,S13,_T,_T,PT_B1GQ,A,2024,16.26472301,A,0,TOTALTAX,1,_Z
OECD.CTP.TPS:DSD_REV_COMP_GLOBAL@DF_RSGLOBAL(2.1),RWA,TAX_REV,S13,_T,_T,PT_B1GQ,A,2024,16.00683674,A,0,TOTALTAX,1,_Z
OECD.CTP.TPS:DSD_REV_COMP_GLOBAL@DF_RSGLOBAL(2.1),LCA,TAX_REV,S13,_T,_T,PT_B1GQ,A,2024,21.28006673,A,0,TOTALTAX,1,_Z
OECD.CTP.TPS:DSD_REV_COMP_GLOBAL@DF_RSGLOBAL(2.1),SEN,TAX_REV,S13,_T,_T,PT_B1GQ,A,2024,19.30632214,A,0,TOTALTAX,1,_Z
OECD.CTP.TPS:DSD_REV_COMP_GLOBAL@DF_RSGLOBAL(2.1),SYC,TAX_REV,S13,_T,_T,PT_B1GQ,A,2024,30.9528156,A,0,TOTALTAX,1,_Z
OECD.CTP.TPS:DSD_REV_COMP_GLOBAL@DF_RSGLOBAL(2.1),SLE,TAX_REV,S13,_T,_T,PT_B1GQ,A,2024,7.360608711,A,0,TOTALTAX,1,_Z
OECD.CTP.TPS:DSD_REV_COMP_GLOBAL@DF_RSGLOBAL(2.1),SOM,TAX_REV,S13,_T,_T,PT_B1GQ,A,2024,3.110272865,A,0,TOTALTAX,1,_Z
OECD.CTP.TPS:DSD_REV_COMP_GLOBAL@DF_RSGLOBAL(2.1),SUR,TAX_REV,S13,_T,_T,PT_B1GQ,A,2024,19.79743023,A,0,TOTALTAX,1,_Z
OECD.CTP.TPS:DSD_REV_COMP_GLOBAL@DF_RSGLOBAL(2.1),TGO,TAX_REV,S13,_T,_T,PT_B1GQ,A,2024,18.86610037,A,0,TOTALTAX,1,_Z
OECD.CTP.TPS:DSD_REV_COMP_GLOBAL@DF_RSGLOBAL(2.1),TTO,TAX_REV,S13,_T,_T,PT_B1GQ,A,2024,24.59126401,A,0,TOTALTAX,1,_Z
OECD.CTP.TPS:DSD_REV_COMP_GLOBAL@DF_RSGLOBAL(2.1),UGA,TAX_REV,S13,_T,_T,PT_B1GQ,A,2024,12.68624986,A,0,TOTALTAX,1,_Z
OECD.CTP.TPS:DSD_REV_COMP_GLOBAL@DF_RSGLOBAL(2.1),UKR,TAX_REV,S13,_T,_T,PT_B1GQ,A,2024,35.93038211,A,0,TOTALTAX,1,_Z
OECD.CTP.TPS:DSD_REV_COMP_GLOBAL@DF_RSGLOBAL(2.1),URY,TAX_REV,S13,_T,_T,PT_B1GQ,A,2024,27.25086066,A,0,TOTALTAX,1,_Z
OECD.CTP.TPS:DSD_REV_COMP_GLOBAL@DF_RSGLOBAL(2.1),ZMB,TAX_REV,S13,_T,_T,PT_B1GQ,A,2024,17.23736168,A,0,TOTALTAX,1,_Z
OECD.CTP.TPS:DSD_REV_COMP_GLOBAL@DF_RSGLOBAL(2.1),A9,TAX_REV,S13,_T,_T,PT_B1GQ,A,2024,21.72471691,A,0,TOTALTAX,1,_Z
