year_label	date	pct_gdp	measure	source	confidence	note
1700-01	1700-07-01	5.064425	Central government receipts	OBR historical public finances database	medium	Used for 1700-1899 because the OBR workbook has no public-sector or National Accounts taxes total for these years.
1701-02	1701-07-01	5.284751	Central government receipts	OBR historical public finances database	medium	Used for 1700-1899 because the OBR workbook has no public-sector or National Accounts taxes total for these years.
1702-03	1702-07-01	6.637246	Central government receipts	OBR historical public finances database	medium	Used for 1700-1899 because the OBR workbook has no public-sector or National Accounts taxes total for these years.
1703-04	1703-07-01	7.009246	Central government receipts	OBR historical public finances database	medium	Used for 1700-1899 because the OBR workbook has no public-sector or National Accounts taxes total for these years.
1704-05	1704-07-01	6.043620	Central government receipts	OBR historical public finances database	medium	Used for 1700-1899 because the OBR workbook has no public-sector or National Accounts taxes total for these years.
1705-06	1705-07-01	6.605369	Central government receipts	OBR historical public finances database	medium	Used for 1700-1899 because the OBR workbook has no public-sector or National Accounts taxes total for these years.
1706-07	1706-07-01	7.600256	Central government receipts	OBR historical public finances database	medium	Used for 1700-1899 because the OBR workbook has no public-sector or National Accounts taxes total for these years.
1707-08	1707-07-01	6.828990	Central government receipts	OBR historical public finances database	medium	Used for 1700-1899 because the OBR workbook has no public-sector or National Accounts taxes total for these years.
1708-09	1708-07-01	6.292090	Central government receipts	OBR historical public finances database	medium	Used for 1700-1899 because the OBR workbook has no public-sector or National Accounts taxes total for these years.
1709-10	1709-07-01	6.694225	Central government receipts	OBR historical public finances database	medium	Used for 1700-1899 because the OBR workbook has no public-sector or National Accounts taxes total for these years.
1710-11	1710-07-01	6.989065	Central government receipts	OBR historical public finances database	medium	Used for 1700-1899 because the OBR workbook has no public-sector or National Accounts taxes total for these years.
1711-12	1711-07-01	7.303857	Central government receipts	OBR historical public finances database	medium	Used for 1700-1899 because the OBR workbook has no public-sector or National Accounts taxes total for these years.
1712-13	1712-07-01	7.885368	Central government receipts	OBR historical public finances database	medium	Used for 1700-1899 because the OBR workbook has no public-sector or National Accounts taxes total for these years.
1713-14	1713-07-01	7.507918	Central government receipts	OBR historical public finances database	medium	Used for 1700-1899 because the OBR workbook has no public-sector or National Accounts taxes total for these years.
1714-15	1714-07-01	6.907709	Central government receipts	OBR historical public finances database	medium	Used for 1700-1899 because the OBR workbook has no public-sector or National Accounts taxes total for these years.
1715-16	1715-07-01	7.356642	Central government receipts	OBR historical public finances database	medium	Used for 1700-1899 because the OBR workbook has no public-sector or National Accounts taxes total for these years.
1716-17	1716-07-01	7.619511	Central government receipts	OBR historical public finances database	medium	Used for 1700-1899 because the OBR workbook has no public-sector or National Accounts taxes total for these years.
1717-18	1717-07-01	7.450203	Central government receipts	OBR historical public finances database	medium	Used for 1700-1899 because the OBR workbook has no public-sector or National Accounts taxes total for these years.
1718-19	1718-07-01	6.962709	Central government receipts	OBR historical public finances database	medium	Used for 1700-1899 because the OBR workbook has no public-sector or National Accounts taxes total for these years.
1719-20	1719-07-01	7.117366	Central government receipts	OBR historical public finances database	medium	Used for 1700-1899 because the OBR workbook has no public-sector or National Accounts taxes total for these years.
1720-21	1720-07-01	6.724022	Central government receipts	OBR historical public finances database	medium	Used for 1700-1899 because the OBR workbook has no public-sector or National Accounts taxes total for these years.
1721-22	1721-07-01	7.077561	Central government receipts	OBR historical public finances database	medium	Used for 1700-1899 because the OBR workbook has no public-sector or National Accounts taxes total for these years.
1722-23	1722-07-01	7.158982	Central government receipts	OBR historical public finances database	medium	Used for 1700-1899 because the OBR workbook has no public-sector or National Accounts taxes total for these years.
1723-24	1723-07-01	6.963570	Central government receipts	OBR historical public finances database	medium	Used for 1700-1899 because the OBR workbook has no public-sector or National Accounts taxes total for these years.
1724-25	1724-07-01	6.917835	Central government receipts	OBR historical public finances database	medium	Used for 1700-1899 because the OBR workbook has no public-sector or National Accounts taxes total for these years.
1725-26	1725-07-01	6.559036	Central government receipts	OBR historical public finances database	medium	Used for 1700-1899 because the OBR workbook has no public-sector or National Accounts taxes total for these years.
1726-27	1726-07-01	6.719081	Central government receipts	OBR historical public finances database	medium	Used for 1700-1899 because the OBR workbook has no public-sector or National Accounts taxes total for these years.
1727-28	1727-07-01	7.374776	Central government receipts	OBR historical public finances database	medium	Used for 1700-1899 because the OBR workbook has no public-sector or National Accounts taxes total for these years.
1728-29	1728-07-01	7.159152	Central government receipts	OBR historical public finances database	medium	Used for 1700-1899 because the OBR workbook has no public-sector or National Accounts taxes total for these years.
1729-30	1729-07-01	7.401035	Central government receipts	OBR historical public finances database	medium	Used for 1700-1899 because the OBR workbook has no public-sector or National Accounts taxes total for these years.
1730-31	1730-07-01	7.565554	Central government receipts	OBR historical public finances database	medium	Used for 1700-1899 because the OBR workbook has no public-sector or National Accounts taxes total for these years.
1731-32	1731-07-01	7.368668	Central government receipts	OBR historical public finances database	medium	Used for 1700-1899 because the OBR workbook has no public-sector or National Accounts taxes total for these years.
1732-33	1732-07-01	6.818904	Central government receipts	OBR historical public finances database	medium	Used for 1700-1899 because the OBR workbook has no public-sector or National Accounts taxes total for these years.
1733-34	1733-07-01	6.457881	Central government receipts	OBR historical public finances database	medium	Used for 1700-1899 because the OBR workbook has no public-sector or National Accounts taxes total for these years.
1734-35	1734-07-01	6.543369	Central government receipts	OBR historical public finances database	medium	Used for 1700-1899 because the OBR workbook has no public-sector or National Accounts taxes total for these years.
1735-36	1735-07-01	6.641951	Central government receipts	OBR historical public finances database	medium	Used for 1700-1899 because the OBR workbook has no public-sector or National Accounts taxes total for these years.
1736-37	1736-07-01	6.677071	Central government receipts	OBR historical public finances database	medium	Used for 1700-1899 because the OBR workbook has no public-sector or National Accounts taxes total for these years.
1737-38	1737-07-01	7.003579	Central government receipts	OBR historical public finances database	medium	Used for 1700-1899 because the OBR workbook has no public-sector or National Accounts taxes total for these years.
1738-39	1738-07-01	6.832184	Central government receipts	OBR historical public finances database	medium	Used for 1700-1899 because the OBR workbook has no public-sector or National Accounts taxes total for these years.
1739-40	1739-07-01	6.746165	Central government receipts	OBR historical public finances database	medium	Used for 1700-1899 because the OBR workbook has no public-sector or National Accounts taxes total for these years.
1740-41	1740-07-01	6.617216	Central government receipts	OBR historical public finances database	medium	Used for 1700-1899 because the OBR workbook has no public-sector or National Accounts taxes total for these years.
1741-42	1741-07-01	6.777103	Central government receipts	OBR historical public finances database	medium	Used for 1700-1899 because the OBR workbook has no public-sector or National Accounts taxes total for these years.
1742-43	1742-07-01	7.016029	Central government receipts	OBR historical public finances database	medium	Used for 1700-1899 because the OBR workbook has no public-sector or National Accounts taxes total for these years.
1743-44	1743-07-01	7.335549	Central government receipts	OBR historical public finances database	medium	Used for 1700-1899 because the OBR workbook has no public-sector or National Accounts taxes total for these years.
1744-45	1744-07-01	7.409727	Central government receipts	OBR historical public finances database	medium	Used for 1700-1899 because the OBR workbook has no public-sector or National Accounts taxes total for these years.
1745-46	1745-07-01	7.177101	Central government receipts	OBR historical public finances database	medium	Used for 1700-1899 because the OBR workbook has no public-sector or National Accounts taxes total for these years.
1746-47	1746-07-01	7.096478	Central government receipts	OBR historical public finances database	medium	Used for 1700-1899 because the OBR workbook has no public-sector or National Accounts taxes total for these years.
1747-48	1747-07-01	7.425037	Central government receipts	OBR historical public finances database	medium	Used for 1700-1899 because the OBR workbook has no public-sector or National Accounts taxes total for these years.
1748-49	1748-07-01	7.647612	Central government receipts	OBR historical public finances database	medium	Used for 1700-1899 because the OBR workbook has no public-sector or National Accounts taxes total for these years.
1749-50	1749-07-01	7.740057	Central government receipts	OBR historical public finances database	medium	Used for 1700-1899 because the OBR workbook has no public-sector or National Accounts taxes total for these years.
1750-51	1750-07-01	7.506379	Central government receipts	OBR historical public finances database	medium	Used for 1700-1899 because the OBR workbook has no public-sector or National Accounts taxes total for these years.
1751-52	1751-07-01	7.215136	Central government receipts	OBR historical public finances database	medium	Used for 1700-1899 because the OBR workbook has no public-sector or National Accounts taxes total for these years.
1752-53	1752-07-01	6.959567	Central government receipts	OBR historical public finances database	medium	Used for 1700-1899 because the OBR workbook has no public-sector or National Accounts taxes total for these years.
1753-54	1753-07-01	6.986734	Central government receipts	OBR historical public finances database	medium	Used for 1700-1899 because the OBR workbook has no public-sector or National Accounts taxes total for these years.
1754-55	1754-07-01	6.958179	Central government receipts	OBR historical public finances database	medium	Used for 1700-1899 because the OBR workbook has no public-sector or National Accounts taxes total for these years.
1755-56	1755-07-01	6.934184	Central government receipts	OBR historical public finances database	medium	Used for 1700-1899 because the OBR workbook has no public-sector or National Accounts taxes total for these years.
1756-57	1756-07-01	7.055205	Central government receipts	OBR historical public finances database	medium	Used for 1700-1899 because the OBR workbook has no public-sector or National Accounts taxes total for these years.
1757-58	1757-07-01	6.844145	Central government receipts	OBR historical public finances database	medium	Used for 1700-1899 because the OBR workbook has no public-sector or National Accounts taxes total for these years.
1758-59	1758-07-01	6.984515	Central government receipts	OBR historical public finances database	medium	Used for 1700-1899 because the OBR workbook has no public-sector or National Accounts taxes total for these years.
1759-60	1759-07-01	7.772497	Central government receipts	OBR historical public finances database	medium	Used for 1700-1899 because the OBR workbook has no public-sector or National Accounts taxes total for these years.
1760-61	1760-07-01	8.168083	Central government receipts	OBR historical public finances database	medium	Used for 1700-1899 because the OBR workbook has no public-sector or National Accounts taxes total for these years.
1761-62	1761-07-01	8.185525	Central government receipts	OBR historical public finances database	medium	Used for 1700-1899 because the OBR workbook has no public-sector or National Accounts taxes total for these years.
1762-63	1762-07-01	8.219640	Central government receipts	OBR historical public finances database	medium	Used for 1700-1899 because the OBR workbook has no public-sector or National Accounts taxes total for these years.
1763-64	1763-07-01	8.216440	Central government receipts	OBR historical public finances database	medium	Used for 1700-1899 because the OBR workbook has no public-sector or National Accounts taxes total for these years.
1764-65	1764-07-01	8.616039	Central government receipts	OBR historical public finances database	medium	Used for 1700-1899 because the OBR workbook has no public-sector or National Accounts taxes total for these years.
1765-66	1765-07-01	8.571673	Central government receipts	OBR historical public finances database	medium	Used for 1700-1899 because the OBR workbook has no public-sector or National Accounts taxes total for these years.
1766-67	1766-07-01	7.924843	Central government receipts	OBR historical public finances database	medium	Used for 1700-1899 because the OBR workbook has no public-sector or National Accounts taxes total for these years.
1767-68	1767-07-01	7.696696	Central government receipts	OBR historical public finances database	medium	Used for 1700-1899 because the OBR workbook has no public-sector or National Accounts taxes total for these years.
1768-69	1768-07-01	8.300546	Central government receipts	OBR historical public finances database	medium	Used for 1700-1899 because the OBR workbook has no public-sector or National Accounts taxes total for these years.
1769-70	1769-07-01	8.722873	Central government receipts	OBR historical public finances database	medium	Used for 1700-1899 because the OBR workbook has no public-sector or National Accounts taxes total for these years.
1770-71	1770-07-01	8.661864	Central government receipts	OBR historical public finances database	medium	Used for 1700-1899 because the OBR workbook has no public-sector or National Accounts taxes total for these years.
1771-72	1771-07-01	8.129748	Central government receipts	OBR historical public finances database	medium	Used for 1700-1899 because the OBR workbook has no public-sector or National Accounts taxes total for these years.
1772-73	1772-07-01	7.875164	Central government receipts	OBR historical public finances database	medium	Used for 1700-1899 because the OBR workbook has no public-sector or National Accounts taxes total for these years.
1773-74	1773-07-01	7.625786	Central government receipts	OBR historical public finances database	medium	Used for 1700-1899 because the OBR workbook has no public-sector or National Accounts taxes total for these years.
1774-75	1774-07-01	7.804314	Central government receipts	OBR historical public finances database	medium	Used for 1700-1899 because the OBR workbook has no public-sector or National Accounts taxes total for these years.
1775-76	1775-07-01	7.549356	Central government receipts	OBR historical public finances database	medium	Used for 1700-1899 because the OBR workbook has no public-sector or National Accounts taxes total for these years.
1776-77	1776-07-01	7.369496	Central government receipts	OBR historical public finances database	medium	Used for 1700-1899 because the OBR workbook has no public-sector or National Accounts taxes total for these years.
1777-78	1777-07-01	7.363649	Central government receipts	OBR historical public finances database	medium	Used for 1700-1899 because the OBR workbook has no public-sector or National Accounts taxes total for these years.
1778-79	1778-07-01	7.703353	Central government receipts	OBR historical public finances database	medium	Used for 1700-1899 because the OBR workbook has no public-sector or National Accounts taxes total for these years.
1779-80	1779-07-01	8.183349	Central government receipts	OBR historical public finances database	medium	Used for 1700-1899 because the OBR workbook has no public-sector or National Accounts taxes total for these years.
1780-81	1780-07-01	8.092633	Central government receipts	OBR historical public finances database	medium	Used for 1700-1899 because the OBR workbook has no public-sector or National Accounts taxes total for these years.
1781-82	1781-07-01	7.643359	Central government receipts	OBR historical public finances database	medium	Used for 1700-1899 because the OBR workbook has no public-sector or National Accounts taxes total for these years.
1782-83	1782-07-01	7.550975	Central government receipts	OBR historical public finances database	medium	Used for 1700-1899 because the OBR workbook has no public-sector or National Accounts taxes total for these years.
1783-84	1783-07-01	7.599755	Central government receipts	OBR historical public finances database	medium	Used for 1700-1899 because the OBR workbook has no public-sector or National Accounts taxes total for these years.
1784-85	1784-07-01	8.672417	Central government receipts	OBR historical public finances database	medium	Used for 1700-1899 because the OBR workbook has no public-sector or National Accounts taxes total for these years.
1785-86	1785-07-01	9.139223	Central government receipts	OBR historical public finances database	medium	Used for 1700-1899 because the OBR workbook has no public-sector or National Accounts taxes total for these years.
1786-87	1786-07-01	8.968151	Central government receipts	OBR historical public finances database	medium	Used for 1700-1899 because the OBR workbook has no public-sector or National Accounts taxes total for these years.
1787-88	1787-07-01	9.646077	Central government receipts	OBR historical public finances database	medium	Used for 1700-1899 because the OBR workbook has no public-sector or National Accounts taxes total for these years.
1788-89	1788-07-01	9.954074	Central government receipts	OBR historical public finances database	medium	Used for 1700-1899 because the OBR workbook has no public-sector or National Accounts taxes total for these years.
1789-90	1789-07-01	9.720647	Central government receipts	OBR historical public finances database	medium	Used for 1700-1899 because the OBR workbook has no public-sector or National Accounts taxes total for these years.
1790-91	1790-07-01	9.510980	Central government receipts	OBR historical public finances database	medium	Used for 1700-1899 because the OBR workbook has no public-sector or National Accounts taxes total for these years.
1791-92	1791-07-01	9.626957	Central government receipts	OBR historical public finances database	medium	Used for 1700-1899 because the OBR workbook has no public-sector or National Accounts taxes total for these years.
1792-93	1792-07-01	8.932626	Central government receipts	OBR historical public finances database	medium	Used for 1700-1899 because the OBR workbook has no public-sector or National Accounts taxes total for these years.
1793-94	1793-07-01	9.197304	Central government receipts	OBR historical public finances database	medium	Used for 1700-1899 because the OBR workbook has no public-sector or National Accounts taxes total for these years.
1794-95	1794-07-01	9.093873	Central government receipts	OBR historical public finances database	medium	Used for 1700-1899 because the OBR workbook has no public-sector or National Accounts taxes total for these years.
1795-96	1795-07-01	7.911715	Central government receipts	OBR historical public finances database	medium	Used for 1700-1899 because the OBR workbook has no public-sector or National Accounts taxes total for these years.
1796-97	1796-07-01	8.100872	Central government receipts	OBR historical public finances database	medium	Used for 1700-1899 because the OBR workbook has no public-sector or National Accounts taxes total for these years.
1797-98	1797-07-01	9.456159	Central government receipts	OBR historical public finances database	medium	Used for 1700-1899 because the OBR workbook has no public-sector or National Accounts taxes total for these years.
1798-99	1798-07-01	10.760627	Central government receipts	OBR historical public finances database	medium	Used for 1700-1899 because the OBR workbook has no public-sector or National Accounts taxes total for these years.
1799-00	1799-07-01	8.377141	Central government receipts	OBR historical public finances database	medium	Used for 1700-1899 because the OBR workbook has no public-sector or National Accounts taxes total for these years.
1800-01	1800-07-01	9.430771	Central government receipts	OBR historical public finances database	medium	Used for 1700-1899 because the OBR workbook has no public-sector or National Accounts taxes total for these years.
1801-02	1801-07-01	9.933841	Central government receipts	OBR historical public finances database	medium	Used for 1700-1899 because the OBR workbook has no public-sector or National Accounts taxes total for these years.
1802-03	1802-07-01	11.564806	Central government receipts	OBR historical public finances database	medium	Used for 1700-1899 because the OBR workbook has no public-sector or National Accounts taxes total for these years.
1803-04	1803-07-01	12.273828	Central government receipts	OBR historical public finances database	medium	Used for 1700-1899 because the OBR workbook has no public-sector or National Accounts taxes total for these years.
1804-05	1804-07-01	13.303139	Central government receipts	OBR historical public finances database	medium	Used for 1700-1899 because the OBR workbook has no public-sector or National Accounts taxes total for these years.
1805-06	1805-07-01	13.622310	Central government receipts	OBR historical public finances database	medium	Used for 1700-1899 because the OBR workbook has no public-sector or National Accounts taxes total for these years.
1806-07	1806-07-01	14.436440	Central government receipts	OBR historical public finances database	medium	Used for 1700-1899 because the OBR workbook has no public-sector or National Accounts taxes total for these years.
1807-08	1807-07-01	14.817251	Central government receipts	OBR historical public finances database	medium	Used for 1700-1899 because the OBR workbook has no public-sector or National Accounts taxes total for these years.
1808-09	1808-07-01	15.356566	Central government receipts	OBR historical public finances database	medium	Used for 1700-1899 because the OBR workbook has no public-sector or National Accounts taxes total for these years.
1809-10	1809-07-01	14.410609	Central government receipts	OBR historical public finances database	medium	Used for 1700-1899 because the OBR workbook has no public-sector or National Accounts taxes total for these years.
1810-11	1810-07-01	14.035529	Central government receipts	OBR historical public finances database	medium	Used for 1700-1899 because the OBR workbook has no public-sector or National Accounts taxes total for these years.
1811-12	1811-07-01	14.088915	Central government receipts	OBR historical public finances database	medium	Used for 1700-1899 because the OBR workbook has no public-sector or National Accounts taxes total for these years.
1812-13	1812-07-01	13.772631	Central government receipts	OBR historical public finances database	medium	Used for 1700-1899 because the OBR workbook has no public-sector or National Accounts taxes total for these years.
1813-14	1813-07-01	13.963659	Central government receipts	OBR historical public finances database	medium	Used for 1700-1899 because the OBR workbook has no public-sector or National Accounts taxes total for these years.
1814-15	1814-07-01	14.823587	Central government receipts	OBR historical public finances database	medium	Used for 1700-1899 because the OBR workbook has no public-sector or National Accounts taxes total for these years.
1815-16	1815-07-01	14.582413	Central government receipts	OBR historical public finances database	medium	Used for 1700-1899 because the OBR workbook has no public-sector or National Accounts taxes total for these years.
1816-17	1816-07-01	13.616521	Central government receipts	OBR historical public finances database	medium	Used for 1700-1899 because the OBR workbook has no public-sector or National Accounts taxes total for these years.
1817-18	1817-07-01	11.501693	Central government receipts	OBR historical public finances database	medium	Used for 1700-1899 because the OBR workbook has no public-sector or National Accounts taxes total for these years.
1818-19	1818-07-01	11.571899	Central government receipts	OBR historical public finances database	medium	Used for 1700-1899 because the OBR workbook has no public-sector or National Accounts taxes total for these years.
1819-20	1819-07-01	11.982993	Central government receipts	OBR historical public finances database	medium	Used for 1700-1899 because the OBR workbook has no public-sector or National Accounts taxes total for these years.
1820-21	1820-07-01	12.333621	Central government receipts	OBR historical public finances database	medium	Used for 1700-1899 because the OBR workbook has no public-sector or National Accounts taxes total for these years.
1821-22	1821-07-01	13.038928	Central government receipts	OBR historical public finances database	medium	Used for 1700-1899 because the OBR workbook has no public-sector or National Accounts taxes total for these years.
1822-23	1822-07-01	13.007316	Central government receipts	OBR historical public finances database	medium	Used for 1700-1899 because the OBR workbook has no public-sector or National Accounts taxes total for these years.
1823-24	1823-07-01	12.231208	Central government receipts	OBR historical public finances database	medium	Used for 1700-1899 because the OBR workbook has no public-sector or National Accounts taxes total for these years.
1824-25	1824-07-01	11.413599	Central government receipts	OBR historical public finances database	medium	Used for 1700-1899 because the OBR workbook has no public-sector or National Accounts taxes total for these years.
1825-26	1825-07-01	10.567487	Central government receipts	OBR historical public finances database	medium	Used for 1700-1899 because the OBR workbook has no public-sector or National Accounts taxes total for these years.
1826-27	1826-07-01	11.111285	Central government receipts	OBR historical public finances database	medium	Used for 1700-1899 because the OBR workbook has no public-sector or National Accounts taxes total for these years.
1827-28	1827-07-01	10.819258	Central government receipts	OBR historical public finances database	medium	Used for 1700-1899 because the OBR workbook has no public-sector or National Accounts taxes total for these years.
1828-29	1828-07-01	11.114611	Central government receipts	OBR historical public finances database	medium	Used for 1700-1899 because the OBR workbook has no public-sector or National Accounts taxes total for these years.
1829-30	1829-07-01	11.060693	Central government receipts	OBR historical public finances database	medium	Used for 1700-1899 because the OBR workbook has no public-sector or National Accounts taxes total for these years.
1830-31	1830-07-01	10.509326	Central government receipts	OBR historical public finances database	medium	Used for 1700-1899 because the OBR workbook has no public-sector or National Accounts taxes total for these years.
1831-32	1831-07-01	10.086399	Central government receipts	OBR historical public finances database	medium	Used for 1700-1899 because the OBR workbook has no public-sector or National Accounts taxes total for these years.
1832-33	1832-07-01	10.177756	Central government receipts	OBR historical public finances database	medium	Used for 1700-1899 because the OBR workbook has no public-sector or National Accounts taxes total for these years.
1833-34	1833-07-01	10.081925	Central government receipts	OBR historical public finances database	medium	Used for 1700-1899 because the OBR workbook has no public-sector or National Accounts taxes total for these years.
1834-35	1834-07-01	9.576229	Central government receipts	OBR historical public finances database	medium	Used for 1700-1899 because the OBR workbook has no public-sector or National Accounts taxes total for these years.
1835-36	1835-07-01	9.108079	Central government receipts	OBR historical public finances database	medium	Used for 1700-1899 because the OBR workbook has no public-sector or National Accounts taxes total for these years.
1836-37	1836-07-01	8.907959	Central government receipts	OBR historical public finances database	medium	Used for 1700-1899 because the OBR workbook has no public-sector or National Accounts taxes total for these years.
1837-38	1837-07-01	8.737436	Central government receipts	OBR historical public finances database	medium	Used for 1700-1899 because the OBR workbook has no public-sector or National Accounts taxes total for these years.
1838-39	1838-07-01	8.499315	Central government receipts	OBR historical public finances database	medium	Used for 1700-1899 because the OBR workbook has no public-sector or National Accounts taxes total for these years.
1839-40	1839-07-01	8.400309	Central government receipts	OBR historical public finances database	medium	Used for 1700-1899 because the OBR workbook has no public-sector or National Accounts taxes total for these years.
1840-41	1840-07-01	8.692135	Central government receipts	OBR historical public finances database	medium	Used for 1700-1899 because the OBR workbook has no public-sector or National Accounts taxes total for these years.
1841-42	1841-07-01	9.002515	Central government receipts	OBR historical public finances database	medium	Used for 1700-1899 because the OBR workbook has no public-sector or National Accounts taxes total for these years.
1842-43	1842-07-01	9.447558	Central government receipts	OBR historical public finances database	medium	Used for 1700-1899 because the OBR workbook has no public-sector or National Accounts taxes total for these years.
1843-44	1843-07-01	10.035936	Central government receipts	OBR historical public finances database	medium	Used for 1700-1899 because the OBR workbook has no public-sector or National Accounts taxes total for these years.
1844-45	1844-07-01	9.525196	Central government receipts	OBR historical public finances database	medium	Used for 1700-1899 because the OBR workbook has no public-sector or National Accounts taxes total for these years.
1845-46	1845-07-01	8.991269	Central government receipts	OBR historical public finances database	medium	Used for 1700-1899 because the OBR workbook has no public-sector or National Accounts taxes total for these years.
1846-47	1846-07-01	8.788675	Central government receipts	OBR historical public finances database	medium	Used for 1700-1899 because the OBR workbook has no public-sector or National Accounts taxes total for these years.
1847-48	1847-07-01	8.431428	Central government receipts	OBR historical public finances database	medium	Used for 1700-1899 because the OBR workbook has no public-sector or National Accounts taxes total for these years.
1848-49	1848-07-01	8.853564	Central government receipts	OBR historical public finances database	medium	Used for 1700-1899 because the OBR workbook has no public-sector or National Accounts taxes total for these years.
1849-50	1849-07-01	8.813371	Central government receipts	OBR historical public finances database	medium	Used for 1700-1899 because the OBR workbook has no public-sector or National Accounts taxes total for these years.
1850-51	1850-07-01	9.254196	Central government receipts	OBR historical public finances database	medium	Used for 1700-1899 because the OBR workbook has no public-sector or National Accounts taxes total for these years.
1851-52	1851-07-01	8.927535	Central government receipts	OBR historical public finances database	medium	Used for 1700-1899 because the OBR workbook has no public-sector or National Accounts taxes total for these years.
1852-53	1852-07-01	8.604338	Central government receipts	OBR historical public finances database	medium	Used for 1700-1899 because the OBR workbook has no public-sector or National Accounts taxes total for these years.
1853-54	1853-07-01	7.744422	Central government receipts	OBR historical public finances database	medium	Used for 1700-1899 because the OBR workbook has no public-sector or National Accounts taxes total for these years.
1854-55	1854-07-01	7.959763	Central government receipts	OBR historical public finances database	medium	Used for 1700-1899 because the OBR workbook has no public-sector or National Accounts taxes total for these years.
1855-56	1855-07-01	8.725230	Central government receipts	OBR historical public finances database	medium	Used for 1700-1899 because the OBR workbook has no public-sector or National Accounts taxes total for these years.
1856-57	1856-07-01	8.726036	Central government receipts	OBR historical public finances database	medium	Used for 1700-1899 because the OBR workbook has no public-sector or National Accounts taxes total for these years.
1857-58	1857-07-01	8.241637	Central government receipts	OBR historical public finances database	medium	Used for 1700-1899 because the OBR workbook has no public-sector or National Accounts taxes total for these years.
1858-59	1858-07-01	8.055735	Central government receipts	OBR historical public finances database	medium	Used for 1700-1899 because the OBR workbook has no public-sector or National Accounts taxes total for these years.
1859-60	1859-07-01	8.309873	Central government receipts	OBR historical public finances database	medium	Used for 1700-1899 because the OBR workbook has no public-sector or National Accounts taxes total for these years.
1860-61	1860-07-01	8.062740	Central government receipts	OBR historical public finances database	medium	Used for 1700-1899 because the OBR workbook has no public-sector or National Accounts taxes total for these years.
1861-62	1861-07-01	7.761908	Central government receipts	OBR historical public finances database	medium	Used for 1700-1899 because the OBR workbook has no public-sector or National Accounts taxes total for these years.
1862-63	1862-07-01	7.566110	Central government receipts	OBR historical public finances database	medium	Used for 1700-1899 because the OBR workbook has no public-sector or National Accounts taxes total for these years.
1863-64	1863-07-01	7.006716	Central government receipts	OBR historical public finances database	medium	Used for 1700-1899 because the OBR workbook has no public-sector or National Accounts taxes total for these years.
1864-65	1864-07-01	6.760159	Central government receipts	OBR historical public finances database	medium	Used for 1700-1899 because the OBR workbook has no public-sector or National Accounts taxes total for these years.
1865-66	1865-07-01	6.376982	Central government receipts	OBR historical public finances database	medium	Used for 1700-1899 because the OBR workbook has no public-sector or National Accounts taxes total for these years.
1866-67	1866-07-01	6.400112	Central government receipts	OBR historical public finances database	medium	Used for 1700-1899 because the OBR workbook has no public-sector or National Accounts taxes total for these years.
1867-68	1867-07-01	6.418775	Central government receipts	OBR historical public finances database	medium	Used for 1700-1899 because the OBR workbook has no public-sector or National Accounts taxes total for these years.
1868-69	1868-07-01	6.617433	Central government receipts	OBR historical public finances database	medium	Used for 1700-1899 because the OBR workbook has no public-sector or National Accounts taxes total for these years.
1869-70	1869-07-01	6.663694	Central government receipts	OBR historical public finances database	medium	Used for 1700-1899 because the OBR workbook has no public-sector or National Accounts taxes total for these years.
1870-71	1870-07-01	5.776486	Central government receipts	OBR historical public finances database	medium	Used for 1700-1899 because the OBR workbook has no public-sector or National Accounts taxes total for these years.
1871-72	1871-07-01	5.800903	Central government receipts	OBR historical public finances database	medium	Used for 1700-1899 because the OBR workbook has no public-sector or National Accounts taxes total for these years.
1872-73	1872-07-01	5.630730	Central government receipts	OBR historical public finances database	medium	Used for 1700-1899 because the OBR workbook has no public-sector or National Accounts taxes total for these years.
1873-74	1873-07-01	5.511357	Central government receipts	OBR historical public finances database	medium	Used for 1700-1899 because the OBR workbook has no public-sector or National Accounts taxes total for these years.
1874-75	1874-07-01	5.413163	Central government receipts	OBR historical public finances database	medium	Used for 1700-1899 because the OBR workbook has no public-sector or National Accounts taxes total for these years.
1875-76	1875-07-01	5.661162	Central government receipts	OBR historical public finances database	medium	Used for 1700-1899 because the OBR workbook has no public-sector or National Accounts taxes total for these years.
1876-77	1876-07-01	5.830777	Central government receipts	OBR historical public finances database	medium	Used for 1700-1899 because the OBR workbook has no public-sector or National Accounts taxes total for these years.
1877-78	1877-07-01	5.978539	Central government receipts	OBR historical public finances database	medium	Used for 1700-1899 because the OBR workbook has no public-sector or National Accounts taxes total for these years.
1878-79	1878-07-01	6.399251	Central government receipts	OBR historical public finances database	medium	Used for 1700-1899 because the OBR workbook has no public-sector or National Accounts taxes total for these years.
1879-80	1879-07-01	5.846934	Central government receipts	OBR historical public finances database	medium	Used for 1700-1899 because the OBR workbook has no public-sector or National Accounts taxes total for these years.
1880-81	1880-07-01	6.201498	Central government receipts	OBR historical public finances database	medium	Used for 1700-1899 because the OBR workbook has no public-sector or National Accounts taxes total for these years.
1881-82	1881-07-01	6.246985	Central government receipts	OBR historical public finances database	medium	Used for 1700-1899 because the OBR workbook has no public-sector or National Accounts taxes total for these years.
1882-83	1882-07-01	6.354522	Central government receipts	OBR historical public finances database	medium	Used for 1700-1899 because the OBR workbook has no public-sector or National Accounts taxes total for these years.
1883-84	1883-07-01	6.291289	Central government receipts	OBR historical public finances database	medium	Used for 1700-1899 because the OBR workbook has no public-sector or National Accounts taxes total for these years.
1884-85	1884-07-01	6.598440	Central government receipts	OBR historical public finances database	medium	Used for 1700-1899 because the OBR workbook has no public-sector or National Accounts taxes total for these years.
1885-86	1885-07-01	6.819400	Central government receipts	OBR historical public finances database	medium	Used for 1700-1899 because the OBR workbook has no public-sector or National Accounts taxes total for these years.
1886-87	1886-07-01	6.813499	Central government receipts	OBR historical public finances database	medium	Used for 1700-1899 because the OBR workbook has no public-sector or National Accounts taxes total for these years.
1887-88	1887-07-01	6.490087	Central government receipts	OBR historical public finances database	medium	Used for 1700-1899 because the OBR workbook has no public-sector or National Accounts taxes total for these years.
1888-89	1888-07-01	6.242411	Central government receipts	OBR historical public finances database	medium	Used for 1700-1899 because the OBR workbook has no public-sector or National Accounts taxes total for these years.
1889-90	1889-07-01	6.291364	Central government receipts	OBR historical public finances database	medium	Used for 1700-1899 because the OBR workbook has no public-sector or National Accounts taxes total for these years.
1890-91	1890-07-01	6.304517	Central government receipts	OBR historical public finances database	medium	Used for 1700-1899 because the OBR workbook has no public-sector or National Accounts taxes total for these years.
1891-92	1891-07-01	6.470247	Central government receipts	OBR historical public finances database	medium	Used for 1700-1899 because the OBR workbook has no public-sector or National Accounts taxes total for these years.
1892-93	1892-07-01	6.527919	Central government receipts	OBR historical public finances database	medium	Used for 1700-1899 because the OBR workbook has no public-sector or National Accounts taxes total for these years.
1893-94	1893-07-01	6.494413	Central government receipts	OBR historical public finances database	medium	Used for 1700-1899 because the OBR workbook has no public-sector or National Accounts taxes total for these years.
1894-95	1894-07-01	6.436322	Central government receipts	OBR historical public finances database	medium	Used for 1700-1899 because the OBR workbook has no public-sector or National Accounts taxes total for these years.
1895-96	1895-07-01	6.750384	Central government receipts	OBR historical public finances database	medium	Used for 1700-1899 because the OBR workbook has no public-sector or National Accounts taxes total for these years.
1896-97	1896-07-01	6.727981	Central government receipts	OBR historical public finances database	medium	Used for 1700-1899 because the OBR workbook has no public-sector or National Accounts taxes total for these years.
1897-98	1897-07-01	6.740600	Central government receipts	OBR historical public finances database	medium	Used for 1700-1899 because the OBR workbook has no public-sector or National Accounts taxes total for these years.
1898-99	1898-07-01	6.491760	Central government receipts	OBR historical public finances database	medium	Used for 1700-1899 because the OBR workbook has no public-sector or National Accounts taxes total for these years.
1899-00	1899-07-01	6.788967	Central government receipts	OBR historical public finances database	medium	Used for 1700-1899 because the OBR workbook has no public-sector or National Accounts taxes total for these years.
1900-01	1900-07-01	10.298779	Public sector current receipts	OBR historical public finances database	medium	Used before the OBR National Accounts taxes line begins; includes some non-tax current receipts.
1901-02	1901-07-01	11.190272	Public sector current receipts	OBR historical public finances database	medium	Used before the OBR National Accounts taxes line begins; includes some non-tax current receipts.
1902-03	1902-07-01	11.990289	Public sector current receipts	OBR historical public finances database	medium	Used before the OBR National Accounts taxes line begins; includes some non-tax current receipts.
1903-04	1903-07-01	12.236944	Public sector current receipts	OBR historical public finances database	medium	Used before the OBR National Accounts taxes line begins; includes some non-tax current receipts.
1904-05	1904-07-01	12.159097	Public sector current receipts	OBR historical public finances database	medium	Used before the OBR National Accounts taxes line begins; includes some non-tax current receipts.
1905-06	1905-07-01	11.917652	Public sector current receipts	OBR historical public finances database	medium	Used before the OBR National Accounts taxes line begins; includes some non-tax current receipts.
1906-07	1906-07-01	11.680051	Public sector current receipts	OBR historical public finances database	medium	Used before the OBR National Accounts taxes line begins; includes some non-tax current receipts.
1907-08	1907-07-01	11.659656	Public sector current receipts	OBR historical public finances database	medium	Used before the OBR National Accounts taxes line begins; includes some non-tax current receipts.
1908-09	1908-07-01	11.991553	Public sector current receipts	OBR historical public finances database	medium	Used before the OBR National Accounts taxes line begins; includes some non-tax current receipts.
1909-10	1909-07-01	12.154686	Public sector current receipts	OBR historical public finances database	medium	Used before the OBR National Accounts taxes line begins; includes some non-tax current receipts.
1910-11	1910-07-01	12.595820	Public sector current receipts	OBR historical public finances database	medium	Used before the OBR National Accounts taxes line begins; includes some non-tax current receipts.
1911-12	1911-07-01	12.599418	Public sector current receipts	OBR historical public finances database	medium	Used before the OBR National Accounts taxes line begins; includes some non-tax current receipts.
1912-13	1912-07-01	12.903333	Public sector current receipts	OBR historical public finances database	medium	Used before the OBR National Accounts taxes line begins; includes some non-tax current receipts.
1913-14	1913-07-01	12.977503	Public sector current receipts	OBR historical public finances database	medium	Used before the OBR National Accounts taxes line begins; includes some non-tax current receipts.
1914-15	1914-07-01	13.290253	Public sector current receipts	OBR historical public finances database	medium	Used before the OBR National Accounts taxes line begins; includes some non-tax current receipts.
1915-16	1915-07-01	14.748035	Public sector current receipts	OBR historical public finances database	medium	Used before the OBR National Accounts taxes line begins; includes some non-tax current receipts.
1916-17	1916-07-01	17.986289	Public sector current receipts	OBR historical public finances database	medium	Used before the OBR National Accounts taxes line begins; includes some non-tax current receipts.
1917-18	1917-07-01	19.724405	Public sector current receipts	OBR historical public finances database	medium	Used before the OBR National Accounts taxes line begins; includes some non-tax current receipts.
1918-19	1918-07-01	20.635394	Public sector current receipts	OBR historical public finances database	medium	Used before the OBR National Accounts taxes line begins; includes some non-tax current receipts.
1919-20	1919-07-01	21.917839	Public sector current receipts	OBR historical public finances database	medium	Used before the OBR National Accounts taxes line begins; includes some non-tax current receipts.
1920-21	1920-07-01	22.407169	Public sector current receipts	OBR historical public finances database	medium	Used before the OBR National Accounts taxes line begins; includes some non-tax current receipts.
1921-22	1921-07-01	26.295318	Public sector current receipts	OBR historical public finances database	medium	Used before the OBR National Accounts taxes line begins; includes some non-tax current receipts.
1922-23	1922-07-01	26.740813	Public sector current receipts	OBR historical public finances database	medium	Used before the OBR National Accounts taxes line begins; includes some non-tax current receipts.
1923-24	1923-07-01	25.645130	Public sector current receipts	OBR historical public finances database	medium	Used before the OBR National Accounts taxes line begins; includes some non-tax current receipts.
1924-25	1924-07-01	23.987639	Public sector current receipts	OBR historical public finances database	medium	Used before the OBR National Accounts taxes line begins; includes some non-tax current receipts.
1925-26	1925-07-01	24.023564	Public sector current receipts	OBR historical public finances database	medium	Used before the OBR National Accounts taxes line begins; includes some non-tax current receipts.
1926-27	1926-07-01	24.766059	Public sector current receipts	OBR historical public finances database	medium	Used before the OBR National Accounts taxes line begins; includes some non-tax current receipts.
1927-28	1927-07-01	24.682902	Public sector current receipts	OBR historical public finances database	medium	Used before the OBR National Accounts taxes line begins; includes some non-tax current receipts.
1928-29	1928-07-01	24.934574	Public sector current receipts	OBR historical public finances database	medium	Used before the OBR National Accounts taxes line begins; includes some non-tax current receipts.
1929-30	1929-07-01	24.672667	Public sector current receipts	OBR historical public finances database	medium	Used before the OBR National Accounts taxes line begins; includes some non-tax current receipts.
1930-31	1930-07-01	25.452692	Public sector current receipts	OBR historical public finances database	medium	Used before the OBR National Accounts taxes line begins; includes some non-tax current receipts.
1931-32	1931-07-01	27.148377	Public sector current receipts	OBR historical public finances database	medium	Used before the OBR National Accounts taxes line begins; includes some non-tax current receipts.
1932-33	1932-07-01	28.083231	Public sector current receipts	OBR historical public finances database	medium	Used before the OBR National Accounts taxes line begins; includes some non-tax current receipts.
1933-34	1933-07-01	26.971969	Public sector current receipts	OBR historical public finances database	medium	Used before the OBR National Accounts taxes line begins; includes some non-tax current receipts.
1934-35	1934-07-01	25.983286	Public sector current receipts	OBR historical public finances database	medium	Used before the OBR National Accounts taxes line begins; includes some non-tax current receipts.
1935-36	1935-07-01	25.441203	Public sector current receipts	OBR historical public finances database	medium	Used before the OBR National Accounts taxes line begins; includes some non-tax current receipts.
1936-37	1936-07-01	25.023023	Public sector current receipts	OBR historical public finances database	medium	Used before the OBR National Accounts taxes line begins; includes some non-tax current receipts.
1937-38	1937-07-01	24.976724	Public sector current receipts	OBR historical public finances database	medium	Used before the OBR National Accounts taxes line begins; includes some non-tax current receipts.
1938-39	1938-07-01	25.380044	Public sector current receipts	OBR historical public finances database	medium	Used before the OBR National Accounts taxes line begins; includes some non-tax current receipts.
1939-40	1939-07-01	26.020078	Public sector current receipts	OBR historical public finances database	medium	Used before the OBR National Accounts taxes line begins; includes some non-tax current receipts.
1940-41	1940-07-01	28.349400	Public sector current receipts	OBR historical public finances database	medium	Used before the OBR National Accounts taxes line begins; includes some non-tax current receipts.
1941-42	1941-07-01	32.258298	Public sector current receipts	OBR historical public finances database	medium	Used before the OBR National Accounts taxes line begins; includes some non-tax current receipts.
1942-43	1942-07-01	34.853495	Public sector current receipts	OBR historical public finances database	medium	Used before the OBR National Accounts taxes line begins; includes some non-tax current receipts.
1943-44	1943-07-01	37.537258	Public sector current receipts	OBR historical public finances database	medium	Used before the OBR National Accounts taxes line begins; includes some non-tax current receipts.
1944-45	1944-07-01	38.941242	Public sector current receipts	OBR historical public finances database	medium	Used before the OBR National Accounts taxes line begins; includes some non-tax current receipts.
1945-46	1945-07-01	39.475952	Public sector current receipts	OBR historical public finances database	medium	Used before the OBR National Accounts taxes line begins; includes some non-tax current receipts.
1946-47	1946-07-01	35.636796	National Accounts taxes	OBR historical public finances database	high	Direct OBR historical public finances National Accounts taxes line.
1947-48	1947-07-01	34.406243	National Accounts taxes	OBR historical public finances database	high	Direct OBR historical public finances National Accounts taxes line.
1948-49	1948-07-01	37.207877	National Accounts taxes	OBR historical public finances database	high	Direct OBR historical public finances National Accounts taxes line.
1949-50	1949-07-01	36.929904	National Accounts taxes	OBR historical public finances database	high	Direct OBR historical public finances National Accounts taxes line.
1950-51	1950-07-01	36.075353	National Accounts taxes	OBR historical public finances database	high	Direct OBR historical public finances National Accounts taxes line.
1951-52	1951-07-01	34.782913	National Accounts taxes	OBR historical public finances database	high	Direct OBR historical public finances National Accounts taxes line.
1952-53	1952-07-01	33.953399	National Accounts taxes	OBR historical public finances database	high	Direct OBR historical public finances National Accounts taxes line.
1953-54	1953-07-01	31.705124	National Accounts taxes	OBR historical public finances database	high	Direct OBR historical public finances National Accounts taxes line.
1954-55	1954-07-01	30.913016	National Accounts taxes	OBR historical public finances database	high	Direct OBR historical public finances National Accounts taxes line.
1955-56	1955-07-01	29.647984	National Accounts taxes	OBR historical public finances database	high	Direct OBR historical public finances National Accounts taxes line.
1956-57	1956-07-01	29.250543	National Accounts taxes	OBR historical public finances database	high	Direct OBR historical public finances National Accounts taxes line.
1957-58	1957-07-01	28.917322	National Accounts taxes	OBR historical public finances database	high	Direct OBR historical public finances National Accounts taxes line.
1958-59	1958-07-01	29.536299	National Accounts taxes	OBR historical public finances database	high	Direct OBR historical public finances National Accounts taxes line.
1959-60	1959-07-01	28.433580	National Accounts taxes	OBR historical public finances database	high	Direct OBR historical public finances National Accounts taxes line.
1960-61	1960-07-01	27.885590	National Accounts taxes	OBR historical public finances database	high	Direct OBR historical public finances National Accounts taxes line.
1961-62	1961-07-01	29.850746	National Accounts taxes	OBR historical public finances database	high	Direct OBR historical public finances National Accounts taxes line.
1962-63	1962-07-01	29.645852	National Accounts taxes	OBR historical public finances database	high	Direct OBR historical public finances National Accounts taxes line.
1963-64	1963-07-01	28.692247	National Accounts taxes	OBR historical public finances database	high	Direct OBR historical public finances National Accounts taxes line.
1964-65	1964-07-01	29.082511	National Accounts taxes	OBR historical public finances database	high	Direct OBR historical public finances National Accounts taxes line.
1965-66	1965-07-01	30.689977	National Accounts taxes	OBR historical public finances database	high	Direct OBR historical public finances National Accounts taxes line.
1966-67	1966-07-01	31.387811	National Accounts taxes	OBR historical public finances database	high	Direct OBR historical public finances National Accounts taxes line.
1967-68	1967-07-01	32.600310	National Accounts taxes	OBR historical public finances database	high	Direct OBR historical public finances National Accounts taxes line.
1968-69	1968-07-01	33.806490	National Accounts taxes	OBR historical public finances database	high	Direct OBR historical public finances National Accounts taxes line.
1969-70	1969-07-01	35.119832	National Accounts taxes	OBR historical public finances database	high	Direct OBR historical public finances National Accounts taxes line.
1970-71	1970-07-01	33.696443	National Accounts taxes	OBR historical public finances database	high	Direct OBR historical public finances National Accounts taxes line.
1971-72	1971-07-01	32.059201	National Accounts taxes	OBR historical public finances database	high	Direct OBR historical public finances National Accounts taxes line.
1972-73	1972-07-01	29.826744	National Accounts taxes	OBR historical public finances database	high	Direct OBR historical public finances National Accounts taxes line.
1973-74	1973-07-01	29.793756	National Accounts taxes	OBR historical public finances database	high	Direct OBR historical public finances National Accounts taxes line.
1974-75	1974-07-01	32.490070	National Accounts taxes	OBR historical public finances database	high	Direct OBR historical public finances National Accounts taxes line.
1975-76	1975-07-01	33.351813	National Accounts taxes	OBR historical public finances database	high	Direct OBR historical public finances National Accounts taxes line.
1976-77	1976-07-01	32.756461	National Accounts taxes	OBR historical public finances database	high	Direct OBR historical public finances National Accounts taxes line.
1977-78	1977-07-01	31.611960	National Accounts taxes	OBR historical public finances database	high	Direct OBR historical public finances National Accounts taxes line.
1978-79	1978-07-01	30.370062	National Accounts taxes	OBR historical public finances database	high	Direct OBR historical public finances National Accounts taxes line.
1979-80	1979-07-01	31.181039	National Accounts taxes	OBR historical public finances database	high	Direct OBR historical public finances National Accounts taxes line.
1980-81	1980-07-01	32.104459	National Accounts taxes	OBR historical public finances database	high	Direct OBR historical public finances National Accounts taxes line.
1981-82	1981-07-01	34.014882	National Accounts taxes	OBR historical public finances database	high	Direct OBR historical public finances National Accounts taxes line.
1982-83	1982-07-01	33.714483	National Accounts taxes	OBR historical public finances database	high	Direct OBR historical public finances National Accounts taxes line.
1983-84	1983-07-01	33.036781	National Accounts taxes	OBR historical public finances database	high	Direct OBR historical public finances National Accounts taxes line.
1984-85	1984-07-01	33.611645	National Accounts taxes	OBR historical public finances database	high	Direct OBR historical public finances National Accounts taxes line.
1985-86	1985-07-01	32.700453	National Accounts taxes	OBR historical public finances database	high	Direct OBR historical public finances National Accounts taxes line.
1986-87	1986-07-01	32.480383	National Accounts taxes	OBR historical public finances database	high	Direct OBR historical public finances National Accounts taxes line.
1987-88	1987-07-01	31.648569	National Accounts taxes	OBR historical public finances database	high	Direct OBR historical public finances National Accounts taxes line.
1988-89	1988-07-01	31.144360	National Accounts taxes	OBR historical public finances database	high	Direct OBR historical public finances National Accounts taxes line.
1989-90	1989-07-01	30.659330	National Accounts taxes	OBR historical public finances database	high	Direct OBR historical public finances National Accounts taxes line.
1990-91	1990-07-01	30.377963	National Accounts taxes	OBR historical public finances database	high	Direct OBR historical public finances National Accounts taxes line.
1991-92	1991-07-01	30.267823	National Accounts taxes	OBR historical public finances database	high	Direct OBR historical public finances National Accounts taxes line.
1992-93	1992-07-01	29.090801	National Accounts taxes	OBR historical public finances database	high	Direct OBR historical public finances National Accounts taxes line.
1993-94	1993-07-01	28.334611	National Accounts taxes	OBR historical public finances database	high	Direct OBR historical public finances National Accounts taxes line.
1994-95	1994-07-01	29.334288	National Accounts taxes	OBR historical public finances database	high	Direct OBR historical public finances National Accounts taxes line.
1995-96	1995-07-01	30.079853	National Accounts taxes	OBR historical public finances database	high	Direct OBR historical public finances National Accounts taxes line.
1996-97	1996-07-01	29.624530	National Accounts taxes	OBR historical public finances database	high	Direct OBR historical public finances National Accounts taxes line.
1997-98	1997-07-01	31.180177	National Accounts taxes	OBR historical public finances database	high	Direct OBR historical public finances National Accounts taxes line.
1998-99	1998-07-01	31.775899	National Accounts taxes	OBR historical public finances database	high	Direct OBR historical public finances National Accounts taxes line.
1999-00	1999-07-01	32.529518	National Accounts taxes	OBR historical public finances database	high	Direct OBR historical public finances National Accounts taxes line.
2000-01	2000-07-01	33.067436	National Accounts taxes	OBR historical public finances database	high	Direct OBR historical public finances National Accounts taxes line.
2001-02	2001-07-01	32.482856	National Accounts taxes	OBR historical public finances database	high	Direct OBR historical public finances National Accounts taxes line.
2002-03	2002-07-01	31.443277	National Accounts taxes	OBR historical public finances database	high	Direct OBR historical public finances National Accounts taxes line.
2003-04	2003-07-01	32.282909	National Accounts taxes	OBR historical public finances database	high	Direct OBR historical public finances National Accounts taxes line.
2004-05	2004-07-01	32.941388	National Accounts taxes	OBR historical public finances database	high	Direct OBR historical public finances National Accounts taxes line.
2005-06	2005-07-01	33.299084	National Accounts taxes	OBR historical public finances database	high	Direct OBR historical public finances National Accounts taxes line.
2006-07	2006-07-01	33.759240	National Accounts taxes	OBR historical public finances database	high	Direct OBR historical public finances National Accounts taxes line.
2007-08	2007-07-01	33.748238	National Accounts taxes	OBR historical public finances database	high	Direct OBR historical public finances National Accounts taxes line.
2008-09	2008-07-01	32.221734	National Accounts taxes	OBR historical public finances database	high	Direct OBR historical public finances National Accounts taxes line.
2009-10	2009-07-01	32.271056	National Accounts taxes	OBR historical public finances database	high	Direct OBR historical public finances National Accounts taxes line.
2010-11	2010-07-01	33.166306	National Accounts taxes	OBR historical public finances database	high	Direct OBR historical public finances National Accounts taxes line.
2011-12	2011-07-01	33.482953	National Accounts taxes	OBR historical public finances database	high	Direct OBR historical public finances National Accounts taxes line.
2012-13	2012-07-01	32.759790	National Accounts taxes	OBR historical public finances database	high	Direct OBR historical public finances National Accounts taxes line.
2013-14	2013-07-01	32.647711	National Accounts taxes	OBR historical public finances database	high	Direct OBR historical public finances National Accounts taxes line.
2014-15	2014-07-01	32.607547	National Accounts taxes	OBR historical public finances database	high	Direct OBR historical public finances National Accounts taxes line.
2015-16	2015-07-01	32.708599	National Accounts taxes	OBR historical public finances database	high	Direct OBR historical public finances National Accounts taxes line.
2016-17	2016-07-01	33.440686	National Accounts taxes	OBR historical public finances database	high	Direct OBR historical public finances National Accounts taxes line.
2017-18	2017-07-01	33.309367	National Accounts taxes	OBR historical public finances database	high	Direct OBR historical public finances National Accounts taxes line.
2018-19	2018-07-01	33.769639	National Accounts taxes	OBR historical public finances database	high	Direct OBR historical public finances National Accounts taxes line.
2019-20	2019-07-01	33.055588	National Accounts taxes	OBR historical public finances database	high	Direct OBR historical public finances National Accounts taxes line.
2020-21	2020-07-01	34.030387	National Accounts taxes	OBR historical public finances database	high	Direct OBR historical public finances National Accounts taxes line.
2021-22	2021-07-01	35.544442	National Accounts taxes	OBR historical public finances database	high	Direct OBR historical public finances National Accounts taxes line.
2022-23	2022-07-01	36.333756	National Accounts taxes	OBR historical public finances database	high	Direct OBR historical public finances National Accounts taxes line.
2024-25	2024-07-01	34.536	National Accounts taxes	OBR March 2026 EFO Table A.5 / nominal GDP Table A.3	high	Current chart control total: £1,013,286m National Accounts taxes / £2,934,021m nominal GDP.
