tax_name,tax_name_english,english_explanation,revenue_eur,revenue_pct_gdp,source_for_data,notes
Umsatzsteuer (abzüglich Unterkompensation),,Eurostat National Tax Lists line classified as ESA code D211. Economic function: consumption.,225541000000,5.238683,"Eurostat, National Tax Lists - individual taxes, updated 22 Apr 2026; file: code/data/germany_tax/eurostat_national_tax_lists_2025_2026-04-22.xlsx; DE sheet; STO D211; DETAILS C01; 2024","Eurostat NTL covers general government plus EU institutions (S.13 + S.212), so local taxes and compulsory social contributions are in scope."
Einfuhrumsatzsteuer,,Eurostat National Tax Lists line classified as ESA code D211. Economic function: consumption.,73223000000,1.700764,"Eurostat, National Tax Lists - individual taxes, updated 22 Apr 2026; file: code/data/germany_tax/eurostat_national_tax_lists_2025_2026-04-22.xlsx; DE sheet; STO D211; DETAILS C02; 2024","Eurostat NTL covers general government plus EU institutions (S.13 + S.212), so local taxes and compulsory social contributions are in scope."
Zölle,,Eurostat National Tax Lists line classified as ESA code D2121. Economic function: consumption.,5582000000,0.129654,"Eurostat, National Tax Lists - individual taxes, updated 22 Apr 2026; file: code/data/germany_tax/eurostat_national_tax_lists_2025_2026-04-22.xlsx; DE sheet; STO D2121; DETAILS C01; 2024","Eurostat NTL covers general government plus EU institutions (S.13 + S.212), so local taxes and compulsory social contributions are in scope."
Verbrauchsteuern auf Einfuhren,,Eurostat National Tax Lists line classified as ESA code D2122C. Economic function: consumption.,28749000000,0.667758,"Eurostat, National Tax Lists - individual taxes, updated 22 Apr 2026; file: code/data/germany_tax/eurostat_national_tax_lists_2025_2026-04-22.xlsx; DE sheet; STO D2122C; DETAILS C01; 2024","Eurostat NTL covers general government plus EU institutions (S.13 + S.212), so local taxes and compulsory social contributions are in scope."
Stromsteuer,Electricity tax,Eurostat National Tax Lists line classified as ESA code D214A. Economic function: consumption. Environmental/property tag: energy.,5671000000,0.131721,"Eurostat, National Tax Lists - individual taxes, updated 22 Apr 2026; file: code/data/germany_tax/eurostat_national_tax_lists_2025_2026-04-22.xlsx; DE sheet; STO D214A; DETAILS C01; 2024","Eurostat NTL covers general government plus EU institutions (S.13 + S.212), so local taxes and compulsory social contributions are in scope."
Mineralölsteuer / Energiesteuer ab 2006,Energy tax,Eurostat National Tax Lists line classified as ESA code D214A. Economic function: consumption. Environmental/property tag: energy.,36579000000,0.849627,"Eurostat, National Tax Lists - individual taxes, updated 22 Apr 2026; file: code/data/germany_tax/eurostat_national_tax_lists_2025_2026-04-22.xlsx; DE sheet; STO D214A; DETAILS C02; 2024","Eurostat NTL covers general government plus EU institutions (S.13 + S.212), so local taxes and compulsory social contributions are in scope."
Tabaksteuer,Tobacco duty,Eurostat National Tax Lists line classified as ESA code D214A. Economic function: consumption. Environmental/property tag: alcohol/tobacco.,15786000000,0.366664,"Eurostat, National Tax Lists - individual taxes, updated 22 Apr 2026; file: code/data/germany_tax/eurostat_national_tax_lists_2025_2026-04-22.xlsx; DE sheet; STO D214A; DETAILS C03; 2024","Eurostat NTL covers general government plus EU institutions (S.13 + S.212), so local taxes and compulsory social contributions are in scope."
Alkoholsteuer / Branntweinabgaben / einschl. Alcopops ab 3. Quartal 2004,Spirits duty,Eurostat National Tax Lists line classified as ESA code D214A. Economic function: consumption. Environmental/property tag: alcohol/tobacco.,1993000000,0.046292,"Eurostat, National Tax Lists - individual taxes, updated 22 Apr 2026; file: code/data/germany_tax/eurostat_national_tax_lists_2025_2026-04-22.xlsx; DE sheet; STO D214A; DETAILS C04; 2024","Eurostat NTL covers general government plus EU institutions (S.13 + S.212), so local taxes and compulsory social contributions are in scope."
Kaffeesteuer,Coffee duty,Eurostat National Tax Lists line classified as ESA code D214A. Economic function: consumption.,996000000,0.023134,"Eurostat, National Tax Lists - individual taxes, updated 22 Apr 2026; file: code/data/germany_tax/eurostat_national_tax_lists_2025_2026-04-22.xlsx; DE sheet; STO D214A; DETAILS C05; 2024","Eurostat NTL covers general government plus EU institutions (S.13 + S.212), so local taxes and compulsory social contributions are in scope."
Schaumweinsteuer,sparkling wine duty,Eurostat National Tax Lists line classified as ESA code D214A. Economic function: consumption. Environmental/property tag: alcohol/tobacco.,371000000,0.008617,"Eurostat, National Tax Lists - individual taxes, updated 22 Apr 2026; file: code/data/germany_tax/eurostat_national_tax_lists_2025_2026-04-22.xlsx; DE sheet; STO D214A; DETAILS C09; 2024","Eurostat NTL covers general government plus EU institutions (S.13 + S.212), so local taxes and compulsory social contributions are in scope."
Biersteuer,Beer duty,Eurostat National Tax Lists line classified as ESA code D214A. Economic function: consumption. Environmental/property tag: alcohol/tobacco.,562000000,0.013054,"Eurostat, National Tax Lists - individual taxes, updated 22 Apr 2026; file: code/data/germany_tax/eurostat_national_tax_lists_2025_2026-04-22.xlsx; DE sheet; STO D214A; DETAILS C11; 2024","Eurostat NTL covers general government plus EU institutions (S.13 + S.212), so local taxes and compulsory social contributions are in scope."
sonstige Verbrauchsteuern,Other excise duty,Eurostat National Tax Lists line classified as ESA code D214A. Economic function: consumption.,3000000,0.000070,"Eurostat, National Tax Lists - individual taxes, updated 22 Apr 2026; file: code/data/germany_tax/eurostat_national_tax_lists_2025_2026-04-22.xlsx; DE sheet; STO D214A; DETAILS C12; 2024","Eurostat NTL covers general government plus EU institutions (S.13 + S.212), so local taxes and compulsory social contributions are in scope."
Förderzahlungen nach KWKG,,Eurostat National Tax Lists line classified as ESA code D214A. Economic function: consumption. Environmental/property tag: energy.,929000000,0.021578,"Eurostat, National Tax Lists - individual taxes, updated 22 Apr 2026; file: code/data/germany_tax/eurostat_national_tax_lists_2025_2026-04-22.xlsx; DE sheet; STO D214A; DETAILS C16; 2024","Eurostat NTL covers general government plus EU institutions (S.13 + S.212), so local taxes and compulsory social contributions are in scope."
Förderzahlungen Offshore-Netzumlage,,Eurostat National Tax Lists line classified as ESA code D214A. Economic function: consumption. Environmental/property tag: energy.,2186000000,0.050775,"Eurostat, National Tax Lists - individual taxes, updated 22 Apr 2026; file: code/data/germany_tax/eurostat_national_tax_lists_2025_2026-04-22.xlsx; DE sheet; STO D214A; DETAILS C17; 2024","Eurostat NTL covers general government plus EU institutions (S.13 + S.212), so local taxes and compulsory social contributions are in scope."
Grunderwerbsteuer,,Eurostat National Tax Lists line classified as ESA code D214B. Economic function: capital/stock of wealth. Environmental/property tag: other property.,12750000000,0.296147,"Eurostat, National Tax Lists - individual taxes, updated 22 Apr 2026; file: code/data/germany_tax/eurostat_national_tax_lists_2025_2026-04-22.xlsx; DE sheet; STO D214B; DETAILS C01; 2024","Eurostat NTL covers general government plus EU institutions (S.13 + S.212), so local taxes and compulsory social contributions are in scope."
Sonstige Vergnügungsteuer,,Eurostat National Tax Lists line classified as ESA code D214E. Economic function: consumption.,900000000,0.020904,"Eurostat, National Tax Lists - individual taxes, updated 22 Apr 2026; file: code/data/germany_tax/eurostat_national_tax_lists_2025_2026-04-22.xlsx; DE sheet; STO D214E; DETAILS C02; 2024","Eurostat NTL covers general government plus EU institutions (S.13 + S.212), so local taxes and compulsory social contributions are in scope."
Rennwett-Lotteriesteuer,,Eurostat National Tax Lists line classified as ESA code D214F. Economic function: consumption.,2485000000,0.057720,"Eurostat, National Tax Lists - individual taxes, updated 22 Apr 2026; file: code/data/germany_tax/eurostat_national_tax_lists_2025_2026-04-22.xlsx; DE sheet; STO D214F; DETAILS C01; 2024","Eurostat NTL covers general government plus EU institutions (S.13 + S.212), so local taxes and compulsory social contributions are in scope."
Spielbankabgabe,,Eurostat National Tax Lists line classified as ESA code D214F. Economic function: consumption.,596000000,0.013843,"Eurostat, National Tax Lists - individual taxes, updated 22 Apr 2026; file: code/data/germany_tax/eurostat_national_tax_lists_2025_2026-04-22.xlsx; DE sheet; STO D214F; DETAILS C02; 2024","Eurostat NTL covers general government plus EU institutions (S.13 + S.212), so local taxes and compulsory social contributions are in scope."
Versicherungsteuer,,Eurostat National Tax Lists line classified as ESA code D214G. Economic function: consumption.,18318000000,0.425476,"Eurostat, National Tax Lists - individual taxes, updated 22 Apr 2026; file: code/data/germany_tax/eurostat_national_tax_lists_2025_2026-04-22.xlsx; DE sheet; STO D214G; DETAILS C01; 2024","Eurostat NTL covers general government plus EU institutions (S.13 + S.212), so local taxes and compulsory social contributions are in scope."
Feuerschutzsteuer,,Eurostat National Tax Lists line classified as ESA code D214G. Economic function: consumption.,724000000,0.016816,"Eurostat, National Tax Lists - individual taxes, updated 22 Apr 2026; file: code/data/germany_tax/eurostat_national_tax_lists_2025_2026-04-22.xlsx; DE sheet; STO D214G; DETAILS C02; 2024","Eurostat NTL covers general government plus EU institutions (S.13 + S.212), so local taxes and compulsory social contributions are in scope."
Luftverkehrsteuer,,Eurostat National Tax Lists line classified as ESA code D214H. Economic function: consumption. Environmental/property tag: transport.,1877000000,0.043597,"Eurostat, National Tax Lists - individual taxes, updated 22 Apr 2026; file: code/data/germany_tax/eurostat_national_tax_lists_2025_2026-04-22.xlsx; DE sheet; STO D214H; DETAILS C01; 2024","Eurostat NTL covers general government plus EU institutions (S.13 + S.212), so local taxes and compulsory social contributions are in scope."
Beitrag zum Erdölbevorratungsverband,,Eurostat National Tax Lists line classified as ESA code D214I. Economic function: consumption. Environmental/property tag: energy.,256000000,0.005946,"Eurostat, National Tax Lists - individual taxes, updated 22 Apr 2026; file: code/data/germany_tax/eurostat_national_tax_lists_2025_2026-04-22.xlsx; DE sheet; STO D214I; DETAILS C01; 2024","Eurostat NTL covers general government plus EU institutions (S.13 + S.212), so local taxes and compulsory social contributions are in scope."
übrige Gemeindesteuern,,Eurostat National Tax Lists line classified as ESA code D214L. Economic function: consumption.,569000000,0.013216,"Eurostat, National Tax Lists - individual taxes, updated 22 Apr 2026; file: code/data/germany_tax/eurostat_national_tax_lists_2025_2026-04-22.xlsx; DE sheet; STO D214L; DETAILS C01; 2024","Eurostat NTL covers general government plus EU institutions (S.13 + S.212), so local taxes and compulsory social contributions are in scope."
Grundsteuer A,,Eurostat National Tax Lists line classified as ESA code D29A. Economic function: capital/stock of wealth. Environmental/property tag: recurrent immovable property.,426000000,0.009895,"Eurostat, National Tax Lists - individual taxes, updated 22 Apr 2026; file: code/data/germany_tax/eurostat_national_tax_lists_2025_2026-04-22.xlsx; DE sheet; STO D29A; DETAILS C01; 2024","Eurostat NTL covers general government plus EU institutions (S.13 + S.212), so local taxes and compulsory social contributions are in scope."
Grundsteuer B,,Eurostat National Tax Lists line classified as ESA code D29A. Economic function: capital/stock of wealth. Environmental/property tag: recurrent immovable property.,15796000000,0.366897,"Eurostat, National Tax Lists - individual taxes, updated 22 Apr 2026; file: code/data/germany_tax/eurostat_national_tax_lists_2025_2026-04-22.xlsx; DE sheet; STO D29A; DETAILS C02; 2024","Eurostat NTL covers general government plus EU institutions (S.13 + S.212), so local taxes and compulsory social contributions are in scope."
Kfz-Steuer von Unternehmen,Motor vehicle tax,Eurostat National Tax Lists line classified as ESA code D29B. Economic function: capital/stock of wealth. Environmental/property tag: transport.,2310000000,0.053655,"Eurostat, National Tax Lists - individual taxes, updated 22 Apr 2026; file: code/data/germany_tax/eurostat_national_tax_lists_2025_2026-04-22.xlsx; DE sheet; STO D29B; DETAILS C01; 2024","Eurostat NTL covers general government plus EU institutions (S.13 + S.212), so local taxes and compulsory social contributions are in scope."
Verwaltungsgebühren von Unternehmen,,Eurostat National Tax Lists line classified as ESA code D29E. Economic function: capital/stock of wealth.,204000000,0.004738,"Eurostat, National Tax Lists - individual taxes, updated 22 Apr 2026; file: code/data/germany_tax/eurostat_national_tax_lists_2025_2026-04-22.xlsx; DE sheet; STO D29E; DETAILS C01; 2024","Eurostat NTL covers general government plus EU institutions (S.13 + S.212), so local taxes and compulsory social contributions are in scope."
Emissionsberechtigungen,,Eurostat National Tax Lists line classified as ESA code D29F. Economic function: consumption. Environmental/property tag: energy.,7672000000,0.178199,"Eurostat, National Tax Lists - individual taxes, updated 22 Apr 2026; file: code/data/germany_tax/eurostat_national_tax_lists_2025_2026-04-22.xlsx; DE sheet; STO D29F; DETAILS C01; 2024","Eurostat NTL covers general government plus EU institutions (S.13 + S.212), so local taxes and compulsory social contributions are in scope."
Nationale CO2 - Abgabe,,Eurostat National Tax Lists line classified as ESA code D29F. Economic function: consumption. Environmental/property tag: energy.,10956000000,0.254477,"Eurostat, National Tax Lists - individual taxes, updated 22 Apr 2026; file: code/data/germany_tax/eurostat_national_tax_lists_2025_2026-04-22.xlsx; DE sheet; STO D29F; DETAILS C03; 2024","Eurostat NTL covers general government plus EU institutions (S.13 + S.212), so local taxes and compulsory social contributions are in scope."
Unterkompensation Umsatzsteuer,,Eurostat National Tax Lists line classified as ESA code D29G. Economic function: consumption.,320000000,0.007433,"Eurostat, National Tax Lists - individual taxes, updated 22 Apr 2026; file: code/data/germany_tax/eurostat_national_tax_lists_2025_2026-04-22.xlsx; DE sheet; STO D29G; DETAILS C01; 2024","Eurostat NTL covers general government plus EU institutions (S.13 + S.212), so local taxes and compulsory social contributions are in scope."
Steuerähnliche Einnahmen,,Eurostat National Tax Lists line classified as ESA code D29H. Economic function: capital/stock of wealth.,1774000000,0.041205,"Eurostat, National Tax Lists - individual taxes, updated 22 Apr 2026; file: code/data/germany_tax/eurostat_national_tax_lists_2025_2026-04-22.xlsx; DE sheet; STO D29H; DETAILS C01; 2024","Eurostat NTL covers general government plus EU institutions (S.13 + S.212), so local taxes and compulsory social contributions are in scope."
Übrige Produktionsabgaben,,Eurostat National Tax Lists line classified as ESA code D29H. Economic function: capital/stock of wealth.,27000000,0.000627,"Eurostat, National Tax Lists - individual taxes, updated 22 Apr 2026; file: code/data/germany_tax/eurostat_national_tax_lists_2025_2026-04-22.xlsx; DE sheet; STO D29H; DETAILS C02; 2024","Eurostat NTL covers general government plus EU institutions (S.13 + S.212), so local taxes and compulsory social contributions are in scope."
Bankenabgabe,,Eurostat National Tax Lists line classified as ESA code D29H. Economic function: capital/stock of wealth. Environmental/property tag: other property.,51000000,0.001185,"Eurostat, National Tax Lists - individual taxes, updated 22 Apr 2026; file: code/data/germany_tax/eurostat_national_tax_lists_2025_2026-04-22.xlsx; DE sheet; STO D29H; DETAILS C03; 2024","Eurostat NTL covers general government plus EU institutions (S.13 + S.212), so local taxes and compulsory social contributions are in scope."
Beitrag zum Einlagensicherungsfond,,Eurostat National Tax Lists line classified as ESA code D29H. Economic function: capital/stock of wealth. Environmental/property tag: other property.,1158000000,0.026897,"Eurostat, National Tax Lists - individual taxes, updated 22 Apr 2026; file: code/data/germany_tax/eurostat_national_tax_lists_2025_2026-04-22.xlsx; DE sheet; STO D29H; DETAILS C04; 2024","Eurostat NTL covers general government plus EU institutions (S.13 + S.212), so local taxes and compulsory social contributions are in scope."
Rundfunkbeitrag der Unternehmen,Tax on radio and TV,Eurostat National Tax Lists line classified as ESA code D29H. Economic function: capital/stock of wealth.,771000000,0.017908,"Eurostat, National Tax Lists - individual taxes, updated 22 Apr 2026; file: code/data/germany_tax/eurostat_national_tax_lists_2025_2026-04-22.xlsx; DE sheet; STO D29H; DETAILS C05; 2024","Eurostat NTL covers general government plus EU institutions (S.13 + S.212), so local taxes and compulsory social contributions are in scope."
Lohnsteuer,Tax on wages,Eurostat National Tax Lists line classified as ESA code D51M. Economic function: SPLIT1.,286294000000,6.649804,"Eurostat, National Tax Lists - individual taxes, updated 22 Apr 2026; file: code/data/germany_tax/eurostat_national_tax_lists_2025_2026-04-22.xlsx; DE sheet; STO D51M; DETAILS C01; 2024","Eurostat NTL covers general government plus EU institutions (S.13 + S.212), so local taxes and compulsory social contributions are in scope."
Veranlagte Einkommensteuer,Income tax,Eurostat National Tax Lists line classified as ESA code D51M. Economic function: SPLIT1.,62162000000,1.443848,"Eurostat, National Tax Lists - individual taxes, updated 22 Apr 2026; file: code/data/germany_tax/eurostat_national_tax_lists_2025_2026-04-22.xlsx; DE sheet; STO D51M; DETAILS C02; 2024","Eurostat NTL covers general government plus EU institutions (S.13 + S.212), so local taxes and compulsory social contributions are in scope."
Kapitalertragsteuer und Zinsabschlag,capital gains tax and interest income deduction,Eurostat National Tax Lists line classified as ESA code D51M. Economic function: SPLIT1.,34651000000,0.804845,"Eurostat, National Tax Lists - individual taxes, updated 22 Apr 2026; file: code/data/germany_tax/eurostat_national_tax_lists_2025_2026-04-22.xlsx; DE sheet; STO D51M; DETAILS C03; 2024","Eurostat NTL covers general government plus EU institutions (S.13 + S.212), so local taxes and compulsory social contributions are in scope."
Gewerbesteuer PHH,Trade tax,Eurostat National Tax Lists line classified as ESA code D51M. Economic function: self-employed capital income.,13479000000,0.313079,"Eurostat, National Tax Lists - individual taxes, updated 22 Apr 2026; file: code/data/germany_tax/eurostat_national_tax_lists_2025_2026-04-22.xlsx; DE sheet; STO D51M; DETAILS C04; 2024","Eurostat NTL covers general government plus EU institutions (S.13 + S.212), so local taxes and compulsory social contributions are in scope."
Steuern auf Umbewertungsgewinne,,Eurostat National Tax Lists line classified as ESA code D51C1. Economic function: SPLIT1.,12916000000,0.300002,"Eurostat, National Tax Lists - individual taxes, updated 22 Apr 2026; file: code/data/germany_tax/eurostat_national_tax_lists_2025_2026-04-22.xlsx; DE sheet; STO D51C1; DETAILS C01; 2024","Eurostat NTL covers general government plus EU institutions (S.13 + S.212), so local taxes and compulsory social contributions are in scope."
Körperschaftsteuer,Corporate tax,Eurostat National Tax Lists line classified as ESA code D51O. Economic function: corporate capital income.,42693000000,0.991638,"Eurostat, National Tax Lists - individual taxes, updated 22 Apr 2026; file: code/data/germany_tax/eurostat_national_tax_lists_2025_2026-04-22.xlsx; DE sheet; STO D51O; DETAILS C01; 2024","Eurostat NTL covers general government plus EU institutions (S.13 + S.212), so local taxes and compulsory social contributions are in scope."
Kapitalertragsteuer und Zinsabschlag,capital gains tax and interest income deduction,Eurostat National Tax Lists line classified as ESA code D51O. Economic function: corporate capital income.,18662000000,0.433466,"Eurostat, National Tax Lists - individual taxes, updated 22 Apr 2026; file: code/data/germany_tax/eurostat_national_tax_lists_2025_2026-04-22.xlsx; DE sheet; STO D51O; DETAILS C02; 2024","Eurostat NTL covers general government plus EU institutions (S.13 + S.212), so local taxes and compulsory social contributions are in scope."
Gewerbesteuer KG,Trade tax,Eurostat National Tax Lists line classified as ESA code D51O. Economic function: corporate capital income.,61782000000,1.435022,"Eurostat, National Tax Lists - individual taxes, updated 22 Apr 2026; file: code/data/germany_tax/eurostat_national_tax_lists_2025_2026-04-22.xlsx; DE sheet; STO D51O; DETAILS C03; 2024","Eurostat NTL covers general government plus EU institutions (S.13 + S.212), so local taxes and compulsory social contributions are in scope."
EU-Energiekrisenbeitrag,,Eurostat National Tax Lists line classified as ESA code D51O. Economic function: corporate capital income.,1936000000,0.044968,"Eurostat, National Tax Lists - individual taxes, updated 22 Apr 2026; file: code/data/germany_tax/eurostat_national_tax_lists_2025_2026-04-22.xlsx; DE sheet; STO D51O; DETAILS C05; 2024","Eurostat NTL covers general government plus EU institutions (S.13 + S.212), so local taxes and compulsory social contributions are in scope."
Steuern auf Umbewertungsgewinne,,Eurostat National Tax Lists line classified as ESA code D51C2. Economic function: corporate capital income.,6112000000,0.141965,"Eurostat, National Tax Lists - individual taxes, updated 22 Apr 2026; file: code/data/germany_tax/eurostat_national_tax_lists_2025_2026-04-22.xlsx; DE sheet; STO D51C2; DETAILS C01; 2024","Eurostat NTL covers general government plus EU institutions (S.13 + S.212), so local taxes and compulsory social contributions are in scope."
Einkommensteuer der übrigen Welt,,Eurostat National Tax Lists line classified as ESA code D51E. Economic function: household capital income.,15172000000,0.352403,"Eurostat, National Tax Lists - individual taxes, updated 22 Apr 2026; file: code/data/germany_tax/eurostat_national_tax_lists_2025_2026-04-22.xlsx; DE sheet; STO D51E; DETAILS C01; 2024","Eurostat NTL covers general government plus EU institutions (S.13 + S.212), so local taxes and compulsory social contributions are in scope."
Kraftfahrzeugsteuer von privaten Haushalten,Motor vehicle tax,Eurostat National Tax Lists line classified as ESA code D59D. Economic function: consumption. Environmental/property tag: transport.,7358000000,0.170906,"Eurostat, National Tax Lists - individual taxes, updated 22 Apr 2026; file: code/data/germany_tax/eurostat_national_tax_lists_2025_2026-04-22.xlsx; DE sheet; STO D59D; DETAILS C01; 2024","Eurostat NTL covers general government plus EU institutions (S.13 + S.212), so local taxes and compulsory social contributions are in scope."
Hundesteuer,Dog tax,Eurostat National Tax Lists line classified as ESA code D59D. Economic function: consumption.,430000000,0.009988,"Eurostat, National Tax Lists - individual taxes, updated 22 Apr 2026; file: code/data/germany_tax/eurostat_national_tax_lists_2025_2026-04-22.xlsx; DE sheet; STO D59D; DETAILS C02; 2024","Eurostat NTL covers general government plus EU institutions (S.13 + S.212), so local taxes and compulsory social contributions are in scope."
Jagd- und Fischereisteuer,Hunt tax and Fishing tax,Eurostat National Tax Lists line classified as ESA code D59D. Economic function: consumption.,7000000,0.000163,"Eurostat, National Tax Lists - individual taxes, updated 22 Apr 2026; file: code/data/germany_tax/eurostat_national_tax_lists_2025_2026-04-22.xlsx; DE sheet; STO D59D; DETAILS C03; 2024","Eurostat NTL covers general government plus EU institutions (S.13 + S.212), so local taxes and compulsory social contributions are in scope."
Verwaltungsgebühren von privaten Haushalten,,Eurostat National Tax Lists line classified as ESA code D59F. Economic function: capital/stock of wealth.,597000000,0.013867,"Eurostat, National Tax Lists - individual taxes, updated 22 Apr 2026; file: code/data/germany_tax/eurostat_national_tax_lists_2025_2026-04-22.xlsx; DE sheet; STO D59F; DETAILS C02; 2024","Eurostat NTL covers general government plus EU institutions (S.13 + S.212), so local taxes and compulsory social contributions are in scope."
Rundfunkbeitrag der privaten Haushalte,Tax on radio and TV,Eurostat National Tax Lists line classified as ESA code D59F. Economic function: consumption.,7610000000,0.176759,"Eurostat, National Tax Lists - individual taxes, updated 22 Apr 2026; file: code/data/germany_tax/eurostat_national_tax_lists_2025_2026-04-22.xlsx; DE sheet; STO D59F; DETAILS C03; 2024","Eurostat NTL covers general government plus EU institutions (S.13 + S.212), so local taxes and compulsory social contributions are in scope."
Erbschaftsteuer,Inheritance tax,Eurostat National Tax Lists line classified as ESA code D91A. Economic function: capital/stock of wealth. Environmental/property tag: other property.,9991000000,0.232063,"Eurostat, National Tax Lists - individual taxes, updated 22 Apr 2026; file: code/data/germany_tax/eurostat_national_tax_lists_2025_2026-04-22.xlsx; DE sheet; STO D91A; DETAILS C01; 2024","Eurostat NTL covers general government plus EU institutions (S.13 + S.212), so local taxes and compulsory social contributions are in scope."
Tatsächliche Pflichtsozialbeiträge der Arbeitgeber,Compulsory employers' actual social contributions,Eurostat National Tax Lists line classified as ESA code D611C.,302299000000,7.021555,"Eurostat, National Tax Lists - individual taxes, updated 22 Apr 2026; file: code/data/germany_tax/eurostat_national_tax_lists_2025_2026-04-22.xlsx; DE sheet; STO D611C; DETAILS _T; 2024","Eurostat NTL covers general government plus EU institutions (S.13 + S.212), so local taxes and compulsory social contributions are in scope."
unterstellte Sozialbeiträge,Employers' imputed social contributions,Eurostat National Tax Lists line classified as ESA code D612.,48142000000,1.118203,"Eurostat, National Tax Lists - individual taxes, updated 22 Apr 2026; file: code/data/germany_tax/eurostat_national_tax_lists_2025_2026-04-22.xlsx; DE sheet; STO D612; DETAILS _T; 2024","Eurostat NTL covers general government plus EU institutions (S.13 + S.212), so local taxes and compulsory social contributions are in scope."
Tatsächliche Pflichtsozialbeiträge der Arbeitnehmer,Compulsory employees' actual social contributions,Eurostat National Tax Lists line classified as ESA code D613CE.,280081000000,6.505493,"Eurostat, National Tax Lists - individual taxes, updated 22 Apr 2026; file: code/data/germany_tax/eurostat_national_tax_lists_2025_2026-04-22.xlsx; DE sheet; STO D613CE; DETAILS _T; 2024","Eurostat NTL covers general government plus EU institutions (S.13 + S.212), so local taxes and compulsory social contributions are in scope."
Tatsächliche Pflichtsozialbeiträge der Selbständigen,Compulsory actual social contributions by the self-employed (1),Eurostat National Tax Lists line classified as ESA code D613CS.,11725000000,0.272339,"Eurostat, National Tax Lists - individual taxes, updated 22 Apr 2026; file: code/data/germany_tax/eurostat_national_tax_lists_2025_2026-04-22.xlsx; DE sheet; STO D613CS; DETAILS _T; 2024","Eurostat NTL covers general government plus EU institutions (S.13 + S.212), so local taxes and compulsory social contributions are in scope."
Tatsächliche Pflichtsozialbeiträge der Nichterwerbstätigen,Compulsory actual social contributions by the non-employed (1),Eurostat National Tax Lists line classified as ESA code D613CN.,106139000000,2.465310,"Eurostat, National Tax Lists - individual taxes, updated 22 Apr 2026; file: code/data/germany_tax/eurostat_national_tax_lists_2025_2026-04-22.xlsx; DE sheet; STO D613CN; DETAILS _T; 2024","Eurostat NTL covers general government plus EU institutions (S.13 + S.212), so local taxes and compulsory social contributions are in scope."
Tatsächliche freiwillige Sozialbeiträge der privaten Haushalte,Voluntary households' actual social contributions,Eurostat National Tax Lists line classified as ESA code D613V.,8165000000,0.189650,"Eurostat, National Tax Lists - individual taxes, updated 22 Apr 2026; file: code/data/germany_tax/eurostat_national_tax_lists_2025_2026-04-22.xlsx; DE sheet; STO D613V; DETAILS _T; 2024","Eurostat NTL covers general government plus EU institutions (S.13 + S.212), so local taxes and compulsory social contributions are in scope."
