tax_name,tax_name_english,english_explanation,revenue_eur,revenue_pct_gdp,source_for_data,notes,chart_label_en,layer_1,layer_2,layer_3,layer_4,classification_notes,display_explanation,chart_include,chart_revenue_eur,chart_revenue_pct_gdp,netted_adjustments_eur,netting_notes
Lohnsteuer,Wage tax,Payroll withholding on employment income.,286294000000,6.649804,"Eurostat, National Tax Lists - individual taxes, updated 22 Apr 2026; file: code/data/germany_tax/eurostat_national_tax_lists_2025_2026-04-22.xlsx; DE sheet; STO D51M; DETAILS C01; 2024","Eurostat NTL covers general government plus EU institutions (S.13 + S.212), so local taxes and compulsory social contributions are in scope.",Wage tax,Employment,Personal income taxes,Employment income taxes,,Direct UK equivalent: PAYE-style withholding on wages.,Payroll withholding on employment income.,yes,282197305071,6.554649,-4096694929,BMF cash receipts identify this amount as the solidarity surcharge on wage tax; it is shown separately.
Einkommensteuer der übrigen Welt,Non-resident income tax,Income tax attributed to non-residents in the national accounts.,15172000000,0.352403,"Eurostat, National Tax Lists - individual taxes, updated 22 Apr 2026; file: code/data/germany_tax/eurostat_national_tax_lists_2025_2026-04-22.xlsx; DE sheet; STO D51E; DETAILS C01; 2024","Eurostat NTL covers general government plus EU institutions (S.13 + S.212), so local taxes and compulsory social contributions are in scope.",Non-resident income tax,Employment,Personal income taxes,Non-resident income taxes,,Income-tax line attributed to the rest of the world in the national accounts.,Income tax attributed to non-residents in the national accounts.,yes,15172000000,0.352403,0,
Veranlagte Einkommensteuer,Assessed income tax,Income tax assessed through tax returns.,62162000000,1.443848,"Eurostat, National Tax Lists - individual taxes, updated 22 Apr 2026; file: code/data/germany_tax/eurostat_national_tax_lists_2025_2026-04-22.xlsx; DE sheet; STO D51M; DETAILS C02; 2024","Eurostat NTL covers general government plus EU institutions (S.13 + S.212), so local taxes and compulsory social contributions are in scope.",Assessed income tax,Employment,Personal income taxes,Self-assessed income taxes,,Personal income tax assessed through returns.,Income tax assessed through tax returns.,yes,58712413320,1.363724,-3449586680,BMF cash receipts identify this amount as the solidarity surcharge on assessed income tax; it is shown separately.
Tatsächliche Pflichtsozialbeiträge der Arbeitnehmer,Employee social contributions,Compulsory employee social security contributions deducted from wages.,280081000000,6.505493,"Eurostat, National Tax Lists - individual taxes, updated 22 Apr 2026; file: code/data/germany_tax/eurostat_national_tax_lists_2025_2026-04-22.xlsx; DE sheet; STO D613CE; DETAILS _T; 2024","Eurostat NTL covers general government plus EU institutions (S.13 + S.212), so local taxes and compulsory social contributions are in scope.",Employee social contribs,Employment,Social contributions,Employee and household contributions,,Compulsory social contribution.,Compulsory employee social security contributions deducted from wages.,yes,280081000000,6.505493,0,
Tatsächliche Pflichtsozialbeiträge der Nichterwerbstätigen,Non-employed social contributions,Compulsory social security contributions paid by people who are not in employment.,106139000000,2.465310,"Eurostat, National Tax Lists - individual taxes, updated 22 Apr 2026; file: code/data/germany_tax/eurostat_national_tax_lists_2025_2026-04-22.xlsx; DE sheet; STO D613CN; DETAILS _T; 2024","Eurostat NTL covers general government plus EU institutions (S.13 + S.212), so local taxes and compulsory social contributions are in scope.",Non-employed contribs,Employment,Social contributions,Employee and household contributions,,Compulsory social contribution.,Compulsory social security contributions paid by people who are not in employment.,yes,106139000000,2.465310,0,
Tatsächliche Pflichtsozialbeiträge der Selbständigen,Self-employed social contributions,Compulsory social security contributions paid by self-employed workers.,11725000000,0.272339,"Eurostat, National Tax Lists - individual taxes, updated 22 Apr 2026; file: code/data/germany_tax/eurostat_national_tax_lists_2025_2026-04-22.xlsx; DE sheet; STO D613CS; DETAILS _T; 2024","Eurostat NTL covers general government plus EU institutions (S.13 + S.212), so local taxes and compulsory social contributions are in scope.",Self-employed contribs,Employment,Social contributions,Employee and household contributions,,Compulsory social contribution.,Compulsory social security contributions paid by self-employed workers.,yes,11725000000,0.272339,0,
Tatsächliche freiwillige Sozialbeiträge der privaten Haushalte,Voluntary social contributions,Voluntary social security contributions paid by households.,8165000000,0.189650,"Eurostat, National Tax Lists - individual taxes, updated 22 Apr 2026; file: code/data/germany_tax/eurostat_national_tax_lists_2025_2026-04-22.xlsx; DE sheet; STO D613V; DETAILS _T; 2024","Eurostat NTL covers general government plus EU institutions (S.13 + S.212), so local taxes and compulsory social contributions are in scope.",Voluntary social contribs,Employment,Social contributions,Employee and household contributions,,Voluntary household social contribution included by Eurostat in the social-contribution total.,Voluntary social security contributions paid by households.,yes,8165000000,0.189650,0,
Tatsächliche Pflichtsozialbeiträge der Arbeitgeber,Employer social contributions,Compulsory employer social security contributions on employees' pay.,302299000000,7.021555,"Eurostat, National Tax Lists - individual taxes, updated 22 Apr 2026; file: code/data/germany_tax/eurostat_national_tax_lists_2025_2026-04-22.xlsx; DE sheet; STO D611C; DETAILS _T; 2024","Eurostat NTL covers general government plus EU institutions (S.13 + S.212), so local taxes and compulsory social contributions are in scope.",Employer social contribs,Employment,Social contributions,Employer contributions,,Compulsory social contribution.,Compulsory employer social security contributions on employees' pay.,yes,302299000000,7.021555,0,
unterstellte Sozialbeiträge,Imputed employer social contributions,Social benefits paid directly by employers and recorded as employer social contributions in the national accounts.,48142000000,1.118203,"Eurostat, National Tax Lists - individual taxes, updated 22 Apr 2026; file: code/data/germany_tax/eurostat_national_tax_lists_2025_2026-04-22.xlsx; DE sheet; STO D612; DETAILS _T; 2024","Eurostat NTL covers general government plus EU institutions (S.13 + S.212), so local taxes and compulsory social contributions are in scope.",Imputed employer contribs,Employment,Social contributions,Employer contributions,,National-accounts social-contribution imputation.,Social benefits paid directly by employers and recorded as employer social contributions in the national accounts.,yes,48142000000,1.118203,0,
Tabaksteuer,Tobacco duty,Excise duty on tobacco products.,15786000000,0.366664,"Eurostat, National Tax Lists - individual taxes, updated 22 Apr 2026; file: code/data/germany_tax/eurostat_national_tax_lists_2025_2026-04-22.xlsx; DE sheet; STO D214A; DETAILS C03; 2024","Eurostat NTL covers general government plus EU institutions (S.13 + S.212), so local taxes and compulsory social contributions are in scope.",Tobacco duty,Goods/services,"Alcohol, tobacco and drinks",Excise duties,,Direct UK equivalent: tobacco duty.,Excise duty on tobacco products.,yes,15786000000,0.366664,0,
Alkoholsteuer / Branntweinabgaben / einschl. Alcopops ab 3. Quartal 2004,Alcohol duty,Excise duty on spirits and other alcohol.,1993000000,0.046292,"Eurostat, National Tax Lists - individual taxes, updated 22 Apr 2026; file: code/data/germany_tax/eurostat_national_tax_lists_2025_2026-04-22.xlsx; DE sheet; STO D214A; DETAILS C04; 2024; Bundesministerium der Finanzen, 2024 cash tax receipts, used only to split an equivalent Eurostat control line.","Eurostat NTL covers general government plus EU institutions (S.13 + S.212), so local taxes and compulsory social contributions are in scope.; Allocated from the Eurostat row using BMF cash receipt share for Alkoholsteuer (bis 2017 Branntweinsteuer): EUR 1,979,628,975.",Alcohol duty,Goods/services,"Alcohol, tobacco and drinks",Excise duties,Alkoholsteuer (bis 2017 Branntweinsteuer),Eurostat groups these alcohol taxes; BMF 2024 cash receipts are used to split the Eurostat control total.,Excise duty on spirits and other alcohol.,yes,1966332145,0.045672,0,
Kaffeesteuer,Coffee duty,Excise duty on coffee.,996000000,0.023134,"Eurostat, National Tax Lists - individual taxes, updated 22 Apr 2026; file: code/data/germany_tax/eurostat_national_tax_lists_2025_2026-04-22.xlsx; DE sheet; STO D214A; DETAILS C05; 2024","Eurostat NTL covers general government plus EU institutions (S.13 + S.212), so local taxes and compulsory social contributions are in scope.",Coffee duty,Goods/services,"Alcohol, tobacco and drinks",Excise duties,,German-specific product duty.,Excise duty on coffee.,yes,996000000,0.023134,0,
Biersteuer,Beer duty,Excise duty on beer.,562000000,0.013054,"Eurostat, National Tax Lists - individual taxes, updated 22 Apr 2026; file: code/data/germany_tax/eurostat_national_tax_lists_2025_2026-04-22.xlsx; DE sheet; STO D214A; DETAILS C11; 2024","Eurostat NTL covers general government plus EU institutions (S.13 + S.212), so local taxes and compulsory social contributions are in scope.",Beer duty,Goods/services,"Alcohol, tobacco and drinks",Excise duties,,Direct UK equivalent: beer duty.,Excise duty on beer.,yes,562000000,0.013054,0,
Schaumweinsteuer,Sparkling wine duty,Excise duty on sparkling wine.,371000000,0.008617,"Eurostat, National Tax Lists - individual taxes, updated 22 Apr 2026; file: code/data/germany_tax/eurostat_national_tax_lists_2025_2026-04-22.xlsx; DE sheet; STO D214A; DETAILS C09; 2024","Eurostat NTL covers general government plus EU institutions (S.13 + S.212), so local taxes and compulsory social contributions are in scope.",Sparkling wine duty,Goods/services,"Alcohol, tobacco and drinks",Excise duties,,Alcohol duty.,Excise duty on sparkling wine.,yes,371000000,0.008617,0,
Alkoholsteuer / Branntweinabgaben / einschl. Alcopops ab 3. Quartal 2004,Intermediate alcohol duty,Excise duty on intermediate alcoholic products.,1993000000,0.046292,"Eurostat, National Tax Lists - individual taxes, updated 22 Apr 2026; file: code/data/germany_tax/eurostat_national_tax_lists_2025_2026-04-22.xlsx; DE sheet; STO D214A; DETAILS C04; 2024; Bundesministerium der Finanzen, 2024 cash tax receipts, used only to split an equivalent Eurostat control line.","Eurostat NTL covers general government plus EU institutions (S.13 + S.212), so local taxes and compulsory social contributions are in scope.; Allocated from the Eurostat row using BMF cash receipt share for Zwischenerzeugnissteuer: EUR 25,466,188.",Intermediate alcohol,Goods/services,"Alcohol, tobacco and drinks",Excise duties,Zwischenerzeugnissteuer,Eurostat groups these alcohol taxes; BMF 2024 cash receipts are used to split the Eurostat control total.,Excise duty on intermediate alcoholic products.,yes,25295136,0.000588,0,
Alkoholsteuer / Branntweinabgaben / einschl. Alcopops ab 3. Quartal 2004,Alcopop duty,Excise duty on alcopop drinks.,1993000000,0.046292,"Eurostat, National Tax Lists - individual taxes, updated 22 Apr 2026; file: code/data/germany_tax/eurostat_national_tax_lists_2025_2026-04-22.xlsx; DE sheet; STO D214A; DETAILS C04; 2024; Bundesministerium der Finanzen, 2024 cash tax receipts, used only to split an equivalent Eurostat control line.","Eurostat NTL covers general government plus EU institutions (S.13 + S.212), so local taxes and compulsory social contributions are in scope.; Allocated from the Eurostat row using BMF cash receipt share for Alkopopsteuer: EUR 1,382,002.",Alcopop duty,Goods/services,"Alcohol, tobacco and drinks",Excise duties,Alkopopsteuer,Eurostat groups these alcohol taxes; BMF 2024 cash receipts are used to split the Eurostat control total.,Excise duty on alcopop drinks.,yes,1372719,0.000032,0,
Rennwett-Lotteriesteuer,Betting and lottery tax,Tax on betting and lottery activities.,2485000000,0.057720,"Eurostat, National Tax Lists - individual taxes, updated 22 Apr 2026; file: code/data/germany_tax/eurostat_national_tax_lists_2025_2026-04-22.xlsx; DE sheet; STO D214F; DETAILS C01; 2024","Eurostat NTL covers general government plus EU institutions (S.13 + S.212), so local taxes and compulsory social contributions are in scope.",Betting/lottery tax,Goods/services,"Betting, gaming and entertainment",Betting and lottery taxes,,Direct UK equivalent: betting and lottery duties.,Tax on betting and lottery activities.,yes,2485000000,0.057720,0,
Spielbankabgabe,Casino levy,Tax or levy on casino gaming.,596000000,0.013843,"Eurostat, National Tax Lists - individual taxes, updated 22 Apr 2026; file: code/data/germany_tax/eurostat_national_tax_lists_2025_2026-04-22.xlsx; DE sheet; STO D214F; DETAILS C02; 2024","Eurostat NTL covers general government plus EU institutions (S.13 + S.212), so local taxes and compulsory social contributions are in scope.",Casino levy,Goods/services,"Betting, gaming and entertainment",Casino taxes,,Gaming levy.,Tax or levy on casino gaming.,yes,596000000,0.013843,0,
Sonstige Vergnügungsteuer,Entertainment tax,Local tax on entertainment activities.,900000000,0.020904,"Eurostat, National Tax Lists - individual taxes, updated 22 Apr 2026; file: code/data/germany_tax/eurostat_national_tax_lists_2025_2026-04-22.xlsx; DE sheet; STO D214E; DETAILS C02; 2024","Eurostat NTL covers general government plus EU institutions (S.13 + S.212), so local taxes and compulsory social contributions are in scope.",Entertainment tax,Goods/services,"Betting, gaming and entertainment",Entertainment taxes,,Local consumption tax on entertainment.,Local tax on entertainment activities.,yes,900000000,0.020904,0,
Mineralölsteuer / Energiesteuer ab 2006,Energy tax,Excise duty on fuel and other energy products.,36579000000,0.849627,"Eurostat, National Tax Lists - individual taxes, updated 22 Apr 2026; file: code/data/germany_tax/eurostat_national_tax_lists_2025_2026-04-22.xlsx; DE sheet; STO D214A; DETAILS C02; 2024","Eurostat NTL covers general government plus EU institutions (S.13 + S.212), so local taxes and compulsory social contributions are in scope.",Energy tax,Goods/services,Energy and fuel duties,Energy/fuel consumption duties,,UK-equivalent treatment: energy/fuel consumption duties sit with goods/services.,Excise duty on fuel and other energy products.,yes,36579000000,0.849627,0,
Stromsteuer,Electricity tax,Tax on electricity consumption.,5671000000,0.131721,"Eurostat, National Tax Lists - individual taxes, updated 22 Apr 2026; file: code/data/germany_tax/eurostat_national_tax_lists_2025_2026-04-22.xlsx; DE sheet; STO D214A; DETAILS C01; 2024","Eurostat NTL covers general government plus EU institutions (S.13 + S.212), so local taxes and compulsory social contributions are in scope.",Electricity tax,Goods/services,Energy and fuel duties,Energy/fuel consumption duties,,UK-equivalent treatment: energy/fuel consumption duties sit with goods/services.,Tax on electricity consumption.,yes,5671000000,0.131721,0,
Beitrag zum Erdölbevorratungsverband,Oil stockpiling levy,Levy used to fund strategic oil stocks.,256000000,0.005946,"Eurostat, National Tax Lists - individual taxes, updated 22 Apr 2026; file: code/data/germany_tax/eurostat_national_tax_lists_2025_2026-04-22.xlsx; DE sheet; STO D214I; DETAILS C01; 2024","Eurostat NTL covers general government plus EU institutions (S.13 + S.212), so local taxes and compulsory social contributions are in scope.",Oil stockpiling levy,Goods/services,Energy and fuel duties,Strategic stock levies,,Energy-security levy.,Levy used to fund strategic oil stocks.,yes,256000000,0.005946,0,
Zölle,Customs duties,Customs duties on imports.,5582000000,0.129654,"Eurostat, National Tax Lists - individual taxes, updated 22 Apr 2026; file: code/data/germany_tax/eurostat_national_tax_lists_2025_2026-04-22.xlsx; DE sheet; STO D2121; DETAILS C01; 2024","Eurostat NTL covers general government plus EU institutions (S.13 + S.212), so local taxes and compulsory social contributions are in scope.",Customs duties,Goods/services,Import duties,Customs duties,,Direct UK equivalent: customs duties.,Customs duties on imports.,yes,5582000000,0.129654,0,
Verbrauchsteuern auf Einfuhren,Import excise duties,Excise duties on imported goods.,28749000000,0.667758,"Eurostat, National Tax Lists - individual taxes, updated 22 Apr 2026; file: code/data/germany_tax/eurostat_national_tax_lists_2025_2026-04-22.xlsx; DE sheet; STO D2122C; DETAILS C01; 2024","Eurostat NTL covers general government plus EU institutions (S.13 + S.212), so local taxes and compulsory social contributions are in scope.",Import excise duties,Goods/services,Import duties,Import excise duties,,Import-related excise duty.,Excise duties on imported goods.,yes,28749000000,0.667758,0,
sonstige Verbrauchsteuern,Flat-rate import charge,Flat-rate import charge.,3000000,0.000070,"Eurostat, National Tax Lists - individual taxes, updated 22 Apr 2026; file: code/data/germany_tax/eurostat_national_tax_lists_2025_2026-04-22.xlsx; DE sheet; STO D214A; DETAILS C12; 2024; Bundesministerium der Finanzen, 2024 cash tax receipts, used only to split an equivalent Eurostat control line.","Eurostat NTL covers general government plus EU institutions (S.13 + S.212), so local taxes and compulsory social contributions are in scope.; Allocated from the Eurostat row using BMF cash receipt share for Pauschalierte Einfuhrabgabe: EUR 2,161,451.",Flat-rate import charge,Goods/services,Import duties,Other import charges,Pauschalierte Einfuhrabgabe,Eurostat groups these very small taxes; BMF 2024 cash receipts are used to split the Eurostat control total.,Flat-rate import charge.,yes,2994586,0.000070,0,
Versicherungsteuer,Insurance tax,Tax on insurance premiums or contracts.,18318000000,0.425476,"Eurostat, National Tax Lists - individual taxes, updated 22 Apr 2026; file: code/data/germany_tax/eurostat_national_tax_lists_2025_2026-04-22.xlsx; DE sheet; STO D214G; DETAILS C01; 2024","Eurostat NTL covers general government plus EU institutions (S.13 + S.212), so local taxes and compulsory social contributions are in scope.",Insurance tax,Goods/services,Insurance taxes,Insurance-premium taxes,,Direct UK equivalent: insurance premium tax.,Tax on insurance premiums or contracts.,yes,18318000000,0.425476,0,
Feuerschutzsteuer,Fire protection tax,Tax on fire insurance used to fund fire protection.,724000000,0.016816,"Eurostat, National Tax Lists - individual taxes, updated 22 Apr 2026; file: code/data/germany_tax/eurostat_national_tax_lists_2025_2026-04-22.xlsx; DE sheet; STO D214G; DETAILS C02; 2024","Eurostat NTL covers general government plus EU institutions (S.13 + S.212), so local taxes and compulsory social contributions are in scope.",Fire protection tax,Goods/services,Insurance taxes,Insurance-premium taxes,,Insurance-related tax.,Tax on fire insurance used to fund fire protection.,yes,724000000,0.016816,0,
Luftverkehrsteuer,Air travel tax,Tax on departing airline passengers.,1877000000,0.043597,"Eurostat, National Tax Lists - individual taxes, updated 22 Apr 2026; file: code/data/germany_tax/eurostat_national_tax_lists_2025_2026-04-22.xlsx; DE sheet; STO D214H; DETAILS C01; 2024","Eurostat NTL covers general government plus EU institutions (S.13 + S.212), so local taxes and compulsory social contributions are in scope.",Air travel tax,Goods/services,Transport and vehicle taxes,Transport taxes,,Direct UK equivalent: air passenger duty.,Tax on departing airline passengers.,yes,1877000000,0.043597,0,
Kfz-Steuer von Unternehmen; Kraftfahrzeugsteuer von privaten Haushalten,Motor vehicle tax,Tax on owning or using motor vehicles.,9668000000,0.224560,"Eurostat, National Tax Lists - individual taxes, updated 22 Apr 2026; file: code/data/germany_tax/eurostat_national_tax_lists_2025_2026-04-22.xlsx; DE sheet; STO D29B; DETAILS C01; 2024; Eurostat, National Tax Lists - individual taxes, updated 22 Apr 2026; file: code/data/germany_tax/eurostat_national_tax_lists_2025_2026-04-22.xlsx; DE sheet; STO D59D; DETAILS C01; 2024","Eurostat NTL covers general government plus EU institutions (S.13 + S.212), so local taxes and compulsory social contributions are in scope.",Motor vehicle tax,Goods/services,Transport and vehicle taxes,Vehicle taxes,,Direct UK equivalent: vehicle excise duty-style tax.,Tax on owning or using motor vehicles.,yes,9668000000,0.224560,0,
Umsatzsteuer (abzüglich Unterkompensation); Einfuhrumsatzsteuer; Unterkompensation Umsatzsteuer,Value added tax,"Germany's value added tax, including import VAT and the national-accounts VAT adjustment.",299084000000,6.946879,"Eurostat, National Tax Lists - individual taxes, updated 22 Apr 2026; file: code/data/germany_tax/eurostat_national_tax_lists_2025_2026-04-22.xlsx; DE sheet; STO D211; DETAILS C01; 2024; Eurostat, National Tax Lists - individual taxes, updated 22 Apr 2026; file: code/data/germany_tax/eurostat_national_tax_lists_2025_2026-04-22.xlsx; DE sheet; STO D211; DETAILS C02; 2024; Eurostat, National Tax Lists - individual taxes, updated 22 Apr 2026; file: code/data/germany_tax/eurostat_national_tax_lists_2025_2026-04-22.xlsx; DE sheet; STO D29G; DETAILS C01; 2024","Eurostat NTL covers general government plus EU institutions (S.13 + S.212), so local taxes and compulsory social contributions are in scope.",VAT,Goods/services,VAT,VAT,,Direct UK equivalent: VAT. The Eurostat control includes import VAT and a VAT under-compensation adjustment.,"Germany's value added tax, including import VAT and the national-accounts VAT adjustment.",yes,299084000000,6.946879,0,
Übrige Produktionsabgaben,Other production levies,Other small taxes on production.,27000000,0.000627,"Eurostat, National Tax Lists - individual taxes, updated 22 Apr 2026; file: code/data/germany_tax/eurostat_national_tax_lists_2025_2026-04-22.xlsx; DE sheet; STO D29H; DETAILS C02; 2024","Eurostat NTL covers general government plus EU institutions (S.13 + S.212), so local taxes and compulsory social contributions are in scope.",Other production levies,Business,Business production taxes,Other production levies,,Business production tax.,Other small taxes on production.,yes,27000000,0.000627,0,
Beitrag zum Einlagensicherungsfond,Deposit protection levy,Banking-sector levy for deposit protection.,1158000000,0.026897,"Eurostat, National Tax Lists - individual taxes, updated 22 Apr 2026; file: code/data/germany_tax/eurostat_national_tax_lists_2025_2026-04-22.xlsx; DE sheet; STO D29H; DETAILS C04; 2024","Eurostat NTL covers general government plus EU institutions (S.13 + S.212), so local taxes and compulsory social contributions are in scope.",Deposit protection levy,Business,Financial-sector levies,Bank levies,,Financial-sector levy.,Banking-sector levy for deposit protection.,yes,1158000000,0.026897,0,
Bankenabgabe,Bank levy,Levy on banks.,51000000,0.001185,"Eurostat, National Tax Lists - individual taxes, updated 22 Apr 2026; file: code/data/germany_tax/eurostat_national_tax_lists_2025_2026-04-22.xlsx; DE sheet; STO D29H; DETAILS C03; 2024","Eurostat NTL covers general government plus EU institutions (S.13 + S.212), so local taxes and compulsory social contributions are in scope.",Bank levy,Business,Financial-sector levies,Bank levies,,Direct UK equivalent: bank levy.,Levy on banks.,yes,51000000,0.001185,0,
Körperschaftsteuer,Corporation tax,Tax on company profits.,42693000000,0.991638,"Eurostat, National Tax Lists - individual taxes, updated 22 Apr 2026; file: code/data/germany_tax/eurostat_national_tax_lists_2025_2026-04-22.xlsx; DE sheet; STO D51O; DETAILS C01; 2024","Eurostat NTL covers general government plus EU institutions (S.13 + S.212), so local taxes and compulsory social contributions are in scope.",Corporation tax,Business,Profit and sector taxes,Corporation tax,,Direct UK equivalent: corporation tax.,Tax on company profits.,yes,40483731645,0.940323,-2209268355,BMF cash receipts identify this amount as the solidarity surcharge on corporation tax; it is shown separately.
Gewerbesteuer PHH; Gewerbesteuer KG,Trade tax,Local business tax on business profits.,75261000000,1.748101,"Eurostat, National Tax Lists - individual taxes, updated 22 Apr 2026; file: code/data/germany_tax/eurostat_national_tax_lists_2025_2026-04-22.xlsx; DE sheet; STO D51M; DETAILS C04; 2024; Eurostat, National Tax Lists - individual taxes, updated 22 Apr 2026; file: code/data/germany_tax/eurostat_national_tax_lists_2025_2026-04-22.xlsx; DE sheet; STO D51O; DETAILS C03; 2024","Eurostat NTL covers general government plus EU institutions (S.13 + S.212), so local taxes and compulsory social contributions are in scope.",Trade tax,Business,Profit and sector taxes,Local business profit taxes,,Local business tax on profits.,Local business tax on business profits.,yes,75261000000,1.748101,0,
EU-Energiekrisenbeitrag,EU energy crisis contribution,Temporary levy on energy-sector windfall profits.,1936000000,0.044968,"Eurostat, National Tax Lists - individual taxes, updated 22 Apr 2026; file: code/data/germany_tax/eurostat_national_tax_lists_2025_2026-04-22.xlsx; DE sheet; STO D51O; DETAILS C05; 2024","Eurostat NTL covers general government plus EU institutions (S.13 + S.212), so local taxes and compulsory social contributions are in scope.",Energy crisis levy,Business,Profit and sector taxes,Windfall and crisis levies,,Temporary sectoral profit levy.,Temporary levy on energy-sector windfall profits.,yes,1936000000,0.044968,0,
Grunderwerbsteuer,Property transfer tax,Tax on purchases of land and buildings.,12750000000,0.296147,"Eurostat, National Tax Lists - individual taxes, updated 22 Apr 2026; file: code/data/germany_tax/eurostat_national_tax_lists_2025_2026-04-22.xlsx; DE sheet; STO D214B; DETAILS C01; 2024","Eurostat NTL covers general government plus EU institutions (S.13 + S.212), so local taxes and compulsory social contributions are in scope.",Property transfer tax,Land,Property transaction taxes,Property transfer taxes,,Direct UK equivalent: stamp duty on property transactions.,Tax on purchases of land and buildings.,yes,12750000000,0.296147,0,
Grundsteuer A,Property tax (agricultural),Local recurrent tax on agricultural land.,426000000,0.009895,"Eurostat, National Tax Lists - individual taxes, updated 22 Apr 2026; file: code/data/germany_tax/eurostat_national_tax_lists_2025_2026-04-22.xlsx; DE sheet; STO D29A; DETAILS C01; 2024","Eurostat NTL covers general government plus EU institutions (S.13 + S.212), so local taxes and compulsory social contributions are in scope.",Grundsteuer A,Land,Recurrent land and property taxes,Property taxes,,Recurrent local tax on agricultural land (Land- und Forstwirtschaft).,Local recurrent tax on agricultural land.,yes,426000000,0.009895,0,
Grundsteuer B,Property tax (other),Local recurrent tax on non-agricultural land and buildings.,15796000000,0.366897,"Eurostat, National Tax Lists - individual taxes, updated 22 Apr 2026; file: code/data/germany_tax/eurostat_national_tax_lists_2025_2026-04-22.xlsx; DE sheet; STO D29A; DETAILS C02; 2024","Eurostat NTL covers general government plus EU institutions (S.13 + S.212), so local taxes and compulsory social contributions are in scope.",Grundsteuer B,Land,Recurrent land and property taxes,Property taxes,,Recurrent local tax on other land and buildings (the bulk of German recurrent property tax).,Local recurrent tax on non-agricultural land and buildings (the bulk of recurrent property tax).,yes,15796000000,0.366897,0,
Steuern auf Umbewertungsgewinne,Taxes on holding gains,Taxes on holding gains or revaluation gains recorded in the national accounts.,19028000000,0.441967,"Eurostat, National Tax Lists - individual taxes, updated 22 Apr 2026; file: code/data/germany_tax/eurostat_national_tax_lists_2025_2026-04-22.xlsx; DE sheet; STO D51C1; DETAILS C01; 2024; Eurostat, National Tax Lists - individual taxes, updated 22 Apr 2026; file: code/data/germany_tax/eurostat_national_tax_lists_2025_2026-04-22.xlsx; DE sheet; STO D51C2; DETAILS C01; 2024","Eurostat NTL covers general government plus EU institutions (S.13 + S.212), so local taxes and compulsory social contributions are in scope.",Holding gains taxes,Wealth,Financial capital taxes,Holding gains taxes,,National-accounts tax line on holding or revaluation gains.,Taxes on holding gains or revaluation gains recorded in the national accounts.,yes,19028000000,0.441967,0,
Kapitalertragsteuer und Zinsabschlag,Investment income withholding tax,Withholding tax on investment income not assessed through tax returns.,53313000000,1.238311,"Eurostat, National Tax Lists - individual taxes, updated 22 Apr 2026; file: code/data/germany_tax/eurostat_national_tax_lists_2025_2026-04-22.xlsx; DE sheet; STO D51M; DETAILS C03; 2024; Eurostat, National Tax Lists - individual taxes, updated 22 Apr 2026; file: code/data/germany_tax/eurostat_national_tax_lists_2025_2026-04-22.xlsx; DE sheet; STO D51O; DETAILS C02; 2024; Bundesministerium der Finanzen, 2024 cash tax receipts, used only to split an equivalent Eurostat control line.","Eurostat NTL covers general government plus EU institutions (S.13 + S.212), so local taxes and compulsory social contributions are in scope.; Allocated from the Eurostat row using BMF cash receipt share for nicht veranlagte Steuern vom Ertrag: EUR 34,022,775,194.",Investment withholding,Wealth,Financial capital taxes,Investment income taxes,nicht veranlagte Steuern vom Ertrag,Eurostat gives sectoral capital-income-tax rows; BMF 2024 cash receipts are used to split them into statutory tax names.,Withholding tax on investment income not assessed through tax returns.,yes,32199619669,0.747907,-1837926766,BMF cash receipts identify this amount as the solidarity surcharge on capital-income taxes; it is shown separately.
Kapitalertragsteuer und Zinsabschlag,Final withholding tax on interest and capital gains,Flat withholding tax on interest and capital gains.,53313000000,1.238311,"Eurostat, National Tax Lists - individual taxes, updated 22 Apr 2026; file: code/data/germany_tax/eurostat_national_tax_lists_2025_2026-04-22.xlsx; DE sheet; STO D51M; DETAILS C03; 2024; Eurostat, National Tax Lists - individual taxes, updated 22 Apr 2026; file: code/data/germany_tax/eurostat_national_tax_lists_2025_2026-04-22.xlsx; DE sheet; STO D51O; DETAILS C02; 2024; Bundesministerium der Finanzen, 2024 cash tax receipts, used only to split an equivalent Eurostat control line.","Eurostat NTL covers general government plus EU institutions (S.13 + S.212), so local taxes and compulsory social contributions are in scope.; Allocated from the Eurostat row using BMF cash receipt share for Abgeltungsteuer auf Zins- und Veräußerungserträge: EUR 19,267,088,615.",Final withholding tax,Wealth,Financial capital taxes,Investment income taxes,Abgeltungsteuer auf Zins- und Veräußerungserträge,Eurostat gives sectoral capital-income-tax rows; BMF 2024 cash receipts are used to split them into statutory tax names.,Flat withholding tax on interest and capital gains.,yes,18234636123,0.423539,-1040817442,BMF cash receipts identify this amount as the solidarity surcharge on capital-income taxes; it is shown separately.
Erbschaftsteuer,Inheritance tax,Tax on inheritances and lifetime gifts.,9991000000,0.232063,"Eurostat, National Tax Lists - individual taxes, updated 22 Apr 2026; file: code/data/germany_tax/eurostat_national_tax_lists_2025_2026-04-22.xlsx; DE sheet; STO D91A; DETAILS C01; 2024","Eurostat NTL covers general government plus EU institutions (S.13 + S.212), so local taxes and compulsory social contributions are in scope.",Inheritance tax,Wealth,Inheritance and gifts,Inheritance and gift taxes,,Direct UK equivalent: inheritance tax.,Tax on inheritances and lifetime gifts.,yes,9991000000,0.232063,0,
Nationale CO2 - Abgabe,National CO2 levy,National carbon levy on fossil fuels.,10956000000,0.254477,"Eurostat, National Tax Lists - individual taxes, updated 22 Apr 2026; file: code/data/germany_tax/eurostat_national_tax_lists_2025_2026-04-22.xlsx; DE sheet; STO D29F; DETAILS C03; 2024","Eurostat NTL covers general government plus EU institutions (S.13 + S.212), so local taxes and compulsory social contributions are in scope.",National CO2 levy,Environmental,Carbon and emissions taxes,Carbon levies,,Carbon-pricing levy.,National carbon levy on fossil fuels.,yes,10956000000,0.254477,0,
Emissionsberechtigungen,Emissions allowances,Revenue from auctioning emissions allowances.,7672000000,0.178199,"Eurostat, National Tax Lists - individual taxes, updated 22 Apr 2026; file: code/data/germany_tax/eurostat_national_tax_lists_2025_2026-04-22.xlsx; DE sheet; STO D29F; DETAILS C01; 2024","Eurostat NTL covers general government plus EU institutions (S.13 + S.212), so local taxes and compulsory social contributions are in scope.",Emissions allowances,Environmental,Carbon and emissions taxes,Emissions trading,,UK-equivalent treatment: emissions-auction receipts sit with environmental taxes.,Revenue from auctioning emissions allowances.,yes,7672000000,0.178199,0,
Förderzahlungen Offshore-Netzumlage,Offshore grid levy,Levy used to fund offshore electricity-grid costs.,2186000000,0.050775,"Eurostat, National Tax Lists - individual taxes, updated 22 Apr 2026; file: code/data/germany_tax/eurostat_national_tax_lists_2025_2026-04-22.xlsx; DE sheet; STO D214A; DETAILS C17; 2024","Eurostat NTL covers general government plus EU institutions (S.13 + S.212), so local taxes and compulsory social contributions are in scope.",Offshore grid levy,Environmental,Energy-transition levies,Electricity-system levies,,Energy-transition levy treated as an environmental/energy item.,Levy used to fund offshore electricity-grid costs.,yes,2186000000,0.050775,0,
Förderzahlungen nach KWKG,CHP levy,Levy used to fund combined heat and power support.,929000000,0.021578,"Eurostat, National Tax Lists - individual taxes, updated 22 Apr 2026; file: code/data/germany_tax/eurostat_national_tax_lists_2025_2026-04-22.xlsx; DE sheet; STO D214A; DETAILS C16; 2024","Eurostat NTL covers general government plus EU institutions (S.13 + S.212), so local taxes and compulsory social contributions are in scope.",CHP levy,Environmental,Energy-transition levies,Electricity-system levies,,Energy-transition levy treated as an environmental/energy item.,Levy used to fund combined heat and power support.,yes,929000000,0.021578,0,
Lohnsteuer; Veranlagte Einkommensteuer; Kapitalertragsteuer und Zinsabschlag; Körperschaftsteuer,Solidarity surcharge,"Surcharge on income tax, capital income tax and corporation tax.",444462000000,10.323601,"Eurostat, National Tax Lists - individual taxes, updated 22 Apr 2026; file: code/data/germany_tax/eurostat_national_tax_lists_2025_2026-04-22.xlsx; DE sheet; STO D51M; DETAILS C01; 2024; Eurostat, National Tax Lists - individual taxes, updated 22 Apr 2026; file: code/data/germany_tax/eurostat_national_tax_lists_2025_2026-04-22.xlsx; DE sheet; STO D51M; DETAILS C02; 2024; Eurostat, National Tax Lists - individual taxes, updated 22 Apr 2026; file: code/data/germany_tax/eurostat_national_tax_lists_2025_2026-04-22.xlsx; DE sheet; STO D51M; DETAILS C03; 2024; Eurostat, National Tax Lists - individual taxes, updated 22 Apr 2026; file: code/data/germany_tax/eurostat_national_tax_lists_2025_2026-04-22.xlsx; DE sheet; STO D51O; DETAILS C02; 2024; Eurostat, National Tax Lists - individual taxes, updated 22 Apr 2026; file: code/data/germany_tax/eurostat_national_tax_lists_2025_2026-04-22.xlsx; DE sheet; STO D51O; DETAILS C01; 2024; Bundesministerium der Finanzen, 2024 cash tax receipts; sheet 3u4 weitere Angaben; Solidaritätszuschlag insgesamt.","Eurostat NTL covers general government plus EU institutions (S.13 + S.212), so local taxes and compulsory social contributions are in scope.; The same amount is netted out of the relevant Eurostat income, capital-income and corporation-tax lines so the chart still reconciles to the Eurostat control total.",Solidarity surcharge,Other,Income-tax surcharges,Solidarity surcharge,,Statutory tax shown separately using BMF 2024 cash receipts; Eurostat does not list it as a separate Germany NTL row.,"Surcharge on income tax, capital income tax and corporation tax.",yes,12634294172,0.293459,0,
sonstige Verbrauchsteuern,Other federal taxes,Other very small federal taxes.,3000000,0.000070,"Eurostat, National Tax Lists - individual taxes, updated 22 Apr 2026; file: code/data/germany_tax/eurostat_national_tax_lists_2025_2026-04-22.xlsx; DE sheet; STO D214A; DETAILS C12; 2024; Bundesministerium der Finanzen, 2024 cash tax receipts, used only to split an equivalent Eurostat control line.","Eurostat NTL covers general government plus EU institutions (S.13 + S.212), so local taxes and compulsory social contributions are in scope.; Allocated from the Eurostat row using BMF cash receipt share for sonstige Bundessteuern: EUR 3,908.",Other federal taxes,Other,Other small taxes,Other federal taxes,sonstige Bundessteuern,Eurostat groups these very small taxes; BMF 2024 cash receipts are used to split the Eurostat control total.,Other very small federal taxes.,yes,5414,0.000000,0,
Hundesteuer,Dog tax,Local tax on dog ownership.,430000000,0.009988,"Eurostat, National Tax Lists - individual taxes, updated 22 Apr 2026; file: code/data/germany_tax/eurostat_national_tax_lists_2025_2026-04-22.xlsx; DE sheet; STO D59D; DETAILS C02; 2024","Eurostat NTL covers general government plus EU institutions (S.13 + S.212), so local taxes and compulsory social contributions are in scope.",Dog tax,Other,Small local taxes,Household local taxes,,German-specific local tax.,Local tax on dog ownership.,yes,430000000,0.009988,0,
Jagd- und Fischereisteuer,Hunting and fishing tax,Local hunting and fishing tax.,7000000,0.000163,"Eurostat, National Tax Lists - individual taxes, updated 22 Apr 2026; file: code/data/germany_tax/eurostat_national_tax_lists_2025_2026-04-22.xlsx; DE sheet; STO D59D; DETAILS C03; 2024","Eurostat NTL covers general government plus EU institutions (S.13 + S.212), so local taxes and compulsory social contributions are in scope.",Hunt/fishing tax,Other,Small local taxes,Household local taxes,,Local licence-related tax.,Local hunting and fishing tax.,yes,7000000,0.000163,0,
übrige Gemeindesteuern,Other municipal taxes,Other small municipal taxes not separately identified in the source table.,216800000,0.005036,"Eurostat, National Tax Lists - individual taxes, updated 22 Apr 2026; file: code/data/germany_tax/eurostat_national_tax_lists_2025_2026-04-22.xlsx; DE sheet; STO D214L; DETAILS C01; 2024","Eurostat NTL covers general government plus EU institutions (S.13 + S.212), so local taxes and compulsory social contributions are in scope.",Other municipal taxes,Other,Small local taxes,Other municipal taxes,,Small residual local taxes retained because Eurostat records them as tax revenue.,"Residual catch-all of small municipal taxes after separately showing Übernachtungsteuer, Zweitwohnungsteuer, Verpackungsteuer, Pferdesteuer and Schankerlaubnissteuer.",yes,216800000,0.005036,-352200000,"Reduced by €352,200,000 reallocated to Übernachtungsteuer, Zweitwohnungsteuer, Verpackungsteuer, Pferdesteuer and Schankerlaubnissteuer (each shown separately)."
Verwaltungsgebühren von Unternehmen; Verwaltungsgebühren von privaten Haushalten,Administrative fees,Administrative charges treated as tax revenue in the national accounts.,801000000,0.018605,"Eurostat, National Tax Lists - individual taxes, updated 22 Apr 2026; file: code/data/germany_tax/eurostat_national_tax_lists_2025_2026-04-22.xlsx; DE sheet; STO D29E; DETAILS C01; 2024; Eurostat, National Tax Lists - individual taxes, updated 22 Apr 2026; file: code/data/germany_tax/eurostat_national_tax_lists_2025_2026-04-22.xlsx; DE sheet; STO D59F; DETAILS C02; 2024","Eurostat NTL covers general government plus EU institutions (S.13 + S.212), so local taxes and compulsory social contributions are in scope.",Administrative fees,Other,Tax-like fees and charges,Administrative fees,,Included because Eurostat records the receipts as taxes in the national accounts.,Administrative charges treated as tax revenue in the national accounts.,yes,801000000,0.018605,0,
Rundfunkbeitrag der Unternehmen; Rundfunkbeitrag der privaten Haushalte,Broadcasting contribution,Compulsory broadcasting contribution paid by households and businesses.,8381000000,0.194667,"Eurostat, National Tax Lists - individual taxes, updated 22 Apr 2026; file: code/data/germany_tax/eurostat_national_tax_lists_2025_2026-04-22.xlsx; DE sheet; STO D29H; DETAILS C05; 2024; Eurostat, National Tax Lists - individual taxes, updated 22 Apr 2026; file: code/data/germany_tax/eurostat_national_tax_lists_2025_2026-04-22.xlsx; DE sheet; STO D59F; DETAILS C03; 2024","Eurostat NTL covers general government plus EU institutions (S.13 + S.212), so local taxes and compulsory social contributions are in scope.",Broadcasting charge,Other,Tax-like fees and charges,Broadcasting contribution,,Compulsory contribution recorded as tax revenue by Eurostat.,Compulsory broadcasting contribution paid by households and businesses.,yes,8381000000,0.194667,0,
Steuerähnliche Einnahmen,Tax-like receipts,Tax-like receipts recorded as production taxes in the national accounts.,1774000000,0.041205,"Eurostat, National Tax Lists - individual taxes, updated 22 Apr 2026; file: code/data/germany_tax/eurostat_national_tax_lists_2025_2026-04-22.xlsx; DE sheet; STO D29H; DETAILS C01; 2024","Eurostat NTL covers general government plus EU institutions (S.13 + S.212), so local taxes and compulsory social contributions are in scope.",Tax-like receipts,Other,Tax-like fees and charges,Tax-like receipts,,Included because Eurostat records the receipts as taxes in the national accounts.,Tax-like receipts recorded as production taxes in the national accounts.,yes,1774000000,0.041205,0,
Übernachtungsteuer,Overnight-stay tax,"Local city tax on hotel and other paid overnight stays (also called Bettensteuer, Kulturförderabgabe, Beherbergungsteuer).",200000000,0.004645,TPA estimate from public 2024 city-/Land-level reports; previously bundled inside Eurostat Übrige Gemeindesteuern (D214L C01) and reallocated for this chart to avoid undercounting named taxes.,Reallocated from the Eurostat Übrige Gemeindesteuern aggregate so each named local tax is counted separately.,Overnight-stay tax,Goods/services,"Betting, gaming and entertainment",Entertainment taxes,,Local consumption tax on tourism accommodation.,"Local city tax on paid overnight stays; levied by Berlin, Hamburg, Köln, Frankfurt, Hannover and many other cities.",yes,200000000,0.004645,0,
Zweitwohnungsteuer,Second-home tax,Local tax on ownership or rental of a second home.,150000000,0.003484,TPA estimate from public 2024 city-/Land-level reports; previously bundled inside Eurostat Übrige Gemeindesteuern (D214L C01) and reallocated for this chart to avoid undercounting named taxes.,Reallocated from the Eurostat Übrige Gemeindesteuern aggregate so each named local tax is counted separately.,Second-home tax,Land,Recurrent land and property taxes,Property taxes,,Local recurrent tax on second residences.,"Local tax on second homes, levied in Berlin, Hamburg, Munich and many university towns.",yes,150000000,0.003484,0,
Verpackungsteuer,Packaging tax,"Local tax on single-use packaging (Tübingen model, upheld by the Bundesverfassungsgericht in 2024).",1000000,0.000023,TPA estimate from public 2024 city-/Land-level reports; previously bundled inside Eurostat Übrige Gemeindesteuern (D214L C01) and reallocated for this chart to avoid undercounting named taxes.,Reallocated from the Eurostat Übrige Gemeindesteuern aggregate so each named local tax is counted separately.,Packaging tax,Environmental,Waste and pollution,Packaging taxes,,Local environmental tax on single-use packaging.,Local tax on single-use packaging; introduced by Tübingen and upheld by the German Constitutional Court in 2024.,yes,1000000,0.000023,0,
Pferdesteuer,Horse tax,Local tax on horse ownership and use.,200000,0.000005,TPA estimate from public 2024 city-/Land-level reports; previously bundled inside Eurostat Übrige Gemeindesteuern (D214L C01) and reallocated for this chart to avoid undercounting named taxes.,Reallocated from the Eurostat Übrige Gemeindesteuern aggregate so each named local tax is counted separately.,Horse tax,Other,Small local taxes,Household local taxes,,Very small local tax in a handful of municipalities (e.g. Bad Sooden-Allendorf).,"Local tax on horses, levied by a small number of municipalities.",yes,200000,0.000005,0,
Schankerlaubnissteuer,Drinks-licence tax,Local tax payable on grant of a licence to serve alcohol.,1000000,0.000023,TPA estimate from public 2024 city-/Land-level reports; previously bundled inside Eurostat Übrige Gemeindesteuern (D214L C01) and reallocated for this chart to avoid undercounting named taxes.,Reallocated from the Eurostat Übrige Gemeindesteuern aggregate so each named local tax is counted separately.,Drinks-licence tax,Other,Small local taxes,Business local taxes,,Local one-off tax on grant of an alcohol-service licence.,"Local tax paid on the grant of a licence to serve alcohol, still levied by some Länder.",yes,1000000,0.000023,0,
